锔|!?|?|exclamaci贸|interrogaci贸|pregunta amb exclamaci贸|puntuaci贸|signe dexclamaci贸 i dinterrogaci贸
癸|informaci贸|punt dinformaci贸
锔|dreta|esquerra|fletxa cap a lesquerra i cap a la dreta
锔|amunt|avall|fletxa cap amunt i cap avall
锔|amunt a lesquerra|direcci贸|fletxa cap amunt a lesquerra|intercardinal|nord-oest
锔|amunt a la dreta|direcci贸|fletxa cap amunt a la dreta|intercardinal|nord-est
锔|avall a la dreta|direcci贸|fletxa cap avall a la dreta|intercardinal|sud-est
锔|avall a lesquerra|direcci贸|fletxa cap avall a lesquerra|intercardinal|sud-oest
锔|ordinador|pc|teclat
锔|assolellat|brillant|clar|espai|raigs|solejat|temps
锔|ennuvolat|n煤vol|temps
锔|paraigua|pluja
锔|fred|neu|nevada|ninot de neu
锔|cometa|espai
锔||casella amb marca de verificaci贸|fet|marcat|quadre|selecci贸|verificaci贸|votaci贸
|gota|gotes|meteorologia|paraigua amb gotes de pluja|pluja|temps
|beguda|caf猫|cafe茂na|calenta|fumejant|mat铆|te|xocolata calenta
锔|irland猫s|irlandesa|planta|tr猫vol
锔|calavera|cara|crani amb ossos|monstre|mort|ossos
锔|radioactiu|radioactiva|senyal
ｏ|perill|risc biol貌gic|senyal
锔|creu|cristi|cristiana|cristianes|cristians|ortodoxa|religi贸
革|budisme|budista|dharma|religi贸|roda del dharma
癸|cara arrufada|emmurriada|emmurriat|empipada|empipat|enfadada|enfadat|trista
|ries|be|hor貌scop|marr|zod铆ac
|bou|brau|hor貌scop|taure|toro|zod铆ac
|arquer|hor貌scop|sagitari|zod铆ac
|cabra|capricorn|hor貌scop|zod铆ac
|aigua|aquari|hor貌scop|portador|zod铆ac
|hor貌scop|peixos|zod铆ac
锔|carta|cartes|coll de piques|joc|pal de piques|partida|piques
ｏ|carta|coll de tr猫vols|joc|pal de tr猫vols|partida|tr猫vols
ワ|cartes|coll de cors|cors|emoci贸|joc|pal de cors|partida
锔|cartes|coll de diamants|diamants|joc|pal de diamants|partida
锔|aig眉es termals|brolladors|calor|complex tur铆stic|fonts termals|fumejant|vapor
锔|eina|martell i pic|pic
|ncora|eina|vaixell
锔|arma|creuades|espases
锔|aparell|balan莽a (aparell)|balances|eina|just铆cia|pes|zod铆ac
锔|alamb铆|eina|instrument|qu铆mica
锔|eina|engranatge|marxa
锔|eina|paper|retall|tallar|tisores
||arreglat|bot贸 de marca de verificaci贸|completat|fet|marca de verificaci贸|marcat|selecci贸|verificaci贸
锔|aeropl|avi贸|jet|vehicle|viatge|volant|volar
锔|carta|correu electr貌nic|mail|sobre
锔|bol铆graf|negra|ploma
锔||fet|marca de verificaci贸|marca de vistiplau gruixuda|marcar|marcat|selecci贸|verificaci贸
锔||cancel路lar|multiplicaci贸|multiplicar|signe de multiplicar|x
★|david|estrella de david|judaisme|jueu|jueva|religi贸
|*|brillar|centellejar|espurna|espurnes|estrella|mgia
筹|*|asterisc de vuit radis
达|*|estrella de vuit puntes
锔|floc de neu|fred|neu|temps|volva de neu
锔|*|espurna
|?|interrogaci贸|puntuaci贸|signe dinterrogaci贸 vermell
|?|blanc|interrogaci贸|perfilat|puntuaci贸|signe dinterrogaci贸 blanc
|!|blanc|exclamaci贸|perfilat|puntuaci贸|signe dexclamaci贸 blanc
|!|exclamaci贸|puntuaci贸|signe dexclamaci贸 vermell
ｏ|cor|exclamaci贸 en forma de cor gruixuda|puntuaci贸|signe
わ|amor|cor vermell|emoci贸
|+|matemtiques|m茅s|signe de sumar gruixut
|-||matemtiques|menys|signe de restar gruixut
|梅|divisi贸|matemtiques|signe de dividir gruixut
猡达|amunt|dreta|fletxa dreta que gira cap amunt|gir
猡碉|avall|dreta|fletxa dreta que gira cap avall|gir
帮|gui贸|ondulat|puntuaci贸
锔|bot贸 "enhorabona" en japon猫s|bot贸 japon猫s "enhorabona"|enhorabona|ideograma|japon猫s|kanji
锔|"secret"|bot贸 "secret" en japon猫s|bot贸 japon猫s "secret"|ideograma|japon猫s|kanji
|alegre|animada|animat|cara molt somrient|dents|feli莽|rialla|somrient|somriure|ulls
|boca oberta|cara molt somrient amb els ulls ben oberts|dents|feli莽|genial|s铆!|somriure obert
|boca oberta|cara amb rialla i els ulls somrients|feli莽|rialla|riure|somriure|ull
|cara molt somrient amb els ulls alegres|dents|feli莽|gran somriure|simptica|somrient|ulls
|boca|cara somrient amb els ulls tancats fortament|feli莽|ha ha ha!|oberta|petar-se de riure|satisfet|somrient|somriure|ulls tancats
|cara somrient amb una gota de suor|emocionada|emocionat|estr猫s|estressada|estressat|nervi贸s|nerviosa|obert|somriure|suor freda|estr茅s
ぃ|cara que es peta de riure|divertit|ha ha ha|hilarant|llgrima|molt de riure|mort de riure|partir-se|petar-se de riure|pixar-se|plorar de riure|riure
|alegria|cara amb llgrimes dalegria|divertida|divertit|feli莽|llgrimes|molt de riure|mort de riure|plorant|riure
|cara que somriu una mica|feli莽|somrient|somriure t铆mid
|cara de cap per avall|ha ha ha|rev茅s|somriure
|acalorada|acalorat|calor|cara que es desf|desapar猫ixer|desfer-se|dissoldres|fondres|haha|l铆quid|sarcasme|vergonya
|cara que pica lullet|flirteig|picar lullet|provocar|sexy|trencacors|ullets
|cara somrient amb els ulls alegres|contenta|galtes vermelles|rubor|satisfeta|somrient|somriure|ull
|angelet|aur猫ola|b铆blia|cara somrient amb aur猫ola|conte de fades|fantasia|halo|innocent|pac铆fica|santa|somrient
グ|amor|aventura|cara somrient amb 3 cors|cara somrient amb cors|cors|enamorada|enamorament|enamorat|estimar molt铆ssim|somriure|testimo
|amor贸s|amorosa|aventura|cara somrient amb ulls en forma de cor|cors als ulls|enamorada|enamorat|romntica|sentiments|somriure|testimo|tendra|tendre|ulls en forma de cor
ぉ|apa!|cara amb estrelles als ulls|emocionada|emocionat|estrella|somrient|somriure|ulls amb estrelles
|adorables|amor|aventura amorosa|bon dia|bona nit|cara que llan莽a un pet贸|cor|et trobo a faltar|flirteig|muac|pet贸|petonejar-se|petons i abra莽ades|testimo
|amor|cara que fa un pet贸|cita|flirteig|pet贸|petonejar-se|petons i abra莽ades|testimo
猴|cara|feli莽|relaxada|relaxat|somrient|somriure
|cara que fa un pet贸 amb els ulls tancats|cita|flirteig|pet贸|petonejar-se|petons|rubor|testimo|ulls tancats
|amor|cara que fa un pet贸 amb els ulls alegres|cita|flirteig|nit|pet贸|petons|somriure|testimo|ulls alegres|ulls tancats
ゲ|agra茂ment|alleujament|cara somrient amb una llgrima|emoci贸|llgrima|orgull|smiley|somriure
|afamada|afamat|assaborir|cara dassaborir un menjar delici贸s|cara que assaboreix menjar|delici贸s|deliciosa|gust贸s|gustosa|llengua|ll茅pol|menjar|nyam|somrient|somriure
|cara que fa llengotes|dol莽a|excel路lent|festa|genial|guai|llengota|llengua fora
|cara que fa llengotes i pica lullet|diversi贸|divertida|divertit|estrafolari|estrafolria|festa|llengota|llengua|ullet
お|boig|boja|cara de bogeria|ull gran|ull petit|ulls
|cara amb els ulls tancats i la llengua fora|cara que fa llengotes i amb els ulls tancats|d茅u meu|ecs|el que sigui|fastig贸s|horrible|llengota|llengua|nom茅s es viu una vegada|sabor|ulls tancats
|boca|cara de diners|diners|llengua|pagat|ulls
|abra莽ada|abra莽ant|cara amb abra莽ada|mans
き|adonar-se sobtadament|ai!|cara amb la m sobre la boca|riure ximplet|secret|sorpresa|tapant-se la boca|tenir el riure ximplet|ups|xoc
|al路lucinar|callar|cara amb els ulls oberts i la m sobre la boca|cara amb ulls oberts i m sobre la boca|estupefacci贸|incredulitat|incre茂ble|por|sorpresa|vergonya
|amagar-se|cara tapada que espia amb un ull|espiar|fascinaci贸|mirada|mirar|por|timidesa|vergonya
か|callar|cara que demana silenci|psit|pst|silenci
|barbeta|cara|considerar|curi贸s|curiosa|ment贸|mmm|pensant|pensatiu|pensativa|reflexionant|reflexionar
|bona sort|cara que saluda|ex猫rcit|ordre|respecte|salutaci贸|s铆, senyora|val
|boca tancada|callada|callat|cara amb cremallera a la boca|cremallera|mantenir la boca tancada|secret|silenci
え|cara amb una cella aixecada|desaprovaci贸|desconfiada|desconfiat|esc猫ptica|escepticisme|incredulitat|sorpresa
|b茅|cara neutra|cara seriosa|en blanc|gel贸s|gelosa|inexpressiu|inexpressiva|infeli莽|neutral|no 茅s divertit|no 茅s per riure|no impressiona
|bsica|cara de p貌quer|d茅u meu|dolenta|gel贸s|gelosa|inc貌moda|inc貌mode|inexpressi贸|inexpressiu|inexpressiva|infeli莽|morta|no|oh!|qu猫 coi
|callada|callat|cara sense boca|en blanc|inexpressiu|inexpressiva|secret|sense boca|sense paraules|silenci贸s|silenciosa
|amagar-se|cara amb l铆nia de punts|depressi贸|desapar猫ixer|introversi贸|invisible|m茅s igual
垛锔|cap als n煤vols|cara entre n煤vols|distracci贸|distret
|broma|cap|cara que somriu amb superioritat|celles|fatxenda|flirteig|mirada imp煤dica|murri|m煤rria|riure per sota el nas|somriure astut|somriure de manera afectada|superioritat
|avorrida|avorriment|avorrit|cara de desaprovaci贸|desaprovaci贸|emprenyada|emprenyat|estranya|gel贸s|gelosa|infeli莽|negaci贸 amb el cap|no 茅s divertit|que coi
|cara amb els ulls en blanc|el que sigui|en blanc|ulls en blanc
|cara que fa una ganyota amb les dents|dentista|dents|estrany|ganyota|res|somrient
|alleujament|cara que exhala|exhalar|exhaust|xiulet|xiuxiueig
ぅ|cara de mentider|mentider|nas|pinotxo
|cara que tremola|caram|pnic|sorpresa|terratr猫mol|tremolar|tremolor|vibraci贸|vibrar|xoc
锔|cap que tremola horitzontalment|negaci贸|no|tremolar|tremolor
锔|afirmaci贸|cap que tremola verticalment|s铆|tremolar|tremolor
|alleugerida|alleugerit|alleujada|alleujament|alleujat|calma|cara dalleujament|zen
|abatuda|avorrida|avorrit|cara|decebuda|decebut|desanimada|desanimat|pensatiu|pensativa|perduda|perdut|que malament|trista
|cansada|cansat|cara de son|dormint|dormir|plorant|son|trista
い|bava|bavejant|cara que baveja
|badallar|becaina|bona nit|cansada|cansat|cara de dormir|cara de son|dormint|dormir|el que sigui|hora de dormir|llit|son|zzz
|cara amb mscara|cara amb mascareta|dentista|dermat貌leg|dermat貌loga|doctora|dr.|dra.|g猫rmens|malalta|malaltia|mscara|mascareta|medecina|refredat
|cara amb term貌metre|malalta|malaltia|term貌metre
|ai|bena|cap embenat|cara amb el cap embenat|ferida|ferit|lesi贸
あ|cara de nusees|mareig|marejada|marejat|nusea|repugnant|vomitar
ぎ|cara que vomita|fastig贸s|marejada|marejat|repugnant|v貌mit|vomitar
ぇ|cara que esternuda|constipat|esternudant|esternut|febre|malalta|mocs|salut
サ|calor|cara de calor|cara vermella|cop de calor|febre|febril|fogots|insolaci贸|suada|suat|suor
ザ|blau|blava|cara blava|cara de fred|caramells|congelaci贸|dents fredes|fred|gelada|gelat|gla莽ada|gla莽at
ゴ|beguda|begut|boca ondulada|cara de mareig|embriac|embriaga|intoxicada|intoxicat|mareig|marejada|marejat|ulls desiguals
|cansada|cansat|cara|malalta|marejada|marejat|morta
碘|cara amb ulls despiral|conf贸s|confosa|d茅u meu|espiral|hipnosi|mareig|marejada|marejat|ostres|problema|vaja
く|cap que explota|estupefacta|estupefacte|explotar|impossible|impressionada|impressionat|sorpr猫s|sorpresa|sorpr茅s
|barret|cara amb barret de vaquer|cowboy|vaquera
コ|aniversari|barret|cara festiva|celebraci贸|celebrar|emocionada|emocionat|espanta-sogres|festa|hurra|per molts anys
ジ|bigoti|cara disfressada|celles|disfressa|inc貌gnit|mostatxo|nas|persona|ulleres
|cara somrient amb ulleres de sol|estil|fatxenda|genial|impressionant|platja|relaxada|relaxat|s铆|sol|somriure|ulleres|vict貌ria
|aplicada|aplicat|cara de setci猫ncies|estudiar|estudi贸s|estudiosa|intel路ligent|rata de biblioteca|setci猫ncies|ulleres
|amb classe|cara amb monocle|estirada|estirat|monocle|rica
|arrufada|cara de confusi贸|conf贸s|confosa|confusi贸|ho sento|m茅s igual|ni idea|no ho s茅|trista|um um
|cara amb la boca en diagonal|cara descepticisme|cara dinseguretat|cara de decepci贸|conf贸s|confusi贸|decepcionat|dubte|dubt贸s|esc猫ptic|frustraci贸|frustrat|insegur|m茅s igual|meh
|cara de preocupaci贸|estr猫s|nervi贸s|nerviosa|nervis|preocupaci贸|preocupada|preocupat|sorpr猫s|sorpresa|estr茅s|sorpr茅s
|cara una mica arrufada|emmurriada|emmurriat|empipada|empipat|trista
|apa!|bocabadada|bocabadat|cara amb la boca oberta|estupefacta|estupefacte|incre茂ble|no et crec|oberta|sorpr猫s|sorpresa|sorpr茅s
|at貌nita|cara de sorpresa|d茅u meu|猫pic|oh!|sorpr猫s|sorpresa|sorpr茅s
|cara|d茅u meu!|escandalitzada|escandalitzat|estupefacta|estupefacte|i ara!|que coi!|totalment
|apa!|avergonyida|avergonyit|cara|culpa|enrojolada|galtes vermelles|impressionada|impressionat|inc貌moda|inc貌mode|incredulitat|vergonya
ズ|cara de s煤plica|compassi贸|per qu猫 no|pietat|si us plau|sispli|s煤plica|suplicar|trista|ulls de cadell|ulls grans
ス|admiraci贸|agra茂t|avergonyit|cara que saguanta les llgrimes|dolor|emoci贸|enuig|gratitud|llgrimes dalegria|oh|orgull|resistir|sentiments|si us plau
|agafar per sorpresa|apa!|arrufada|boca|cara emmurriada amb la boca oberta|emmurriada|esgarrifada|esgarrifat|espantada|espantat|oberta|qu猫|sorpresa
|angoixada|angoixat|cara dangoixa|espantada|espantat|estressada|estressat|infeli莽|sopresa
|atemorida|atemorit|cara de por|espantada|espantat|por|preocupada|preocupat
|boca oberta|cara amb la boca oberta i suor freda|espantada|espantat|nervi贸s|nerviosa|nervis|suor freda
|alleujament|cara de decepci贸|complicada|complicat|decebuda|decebut|decepci贸|preocupada|preocupat|suor|uf
|cara que plora|infeli莽|llgrimes|plorant|plorar|sentiments|terrible|trista|trobar a faltar
|bramar|cara que plora desconsoladament|infeli莽|llgrima|llgrimes de desconsol|plorant|plorar|sanglot
|cara que crida de por|crit de por|espantada|espantat|munch|pnic|por|sorpr猫s|sorpresa|temor贸s|temorosa|terror|sorpr茅s
|cara de frustraci贸|conf贸s|confosa|encongir-se|frustraci贸|frustrada|frustrat|furi贸s|furiosa|molesta|sentiments|torbada|torbat|trista
|cara de perseveran莽a|centrar-se|concentraci贸|concentrar-se|mal de cap|perseveran莽a|perseverar
|abatuda|abatut|cara de decepci贸|culpa|decebuda|decebut|decepci贸|fracs|infeli莽|perdedora|terrible|trista
|cara amb suor freda|espantada|espantat|mal de cap|nervi贸s|nerviosa|sentiments|suor freda|trista|uf
|afamada|afamat|cansada|cansat|cara desgotament|esgotada|esgotament|esgotat|fracs|infeli莽|no|plorant|sentiments|somnolenta|trista
|becaina|cansada|cansament|cansat|cara de cansament|sentiments|trista
ケ|adormida|adormit|avorriment|badall|becaina|bona nit|cansada|cansament|cansat|cara que badalla|zzz
|cara que treu fum del nas|enfadada|enfadat|enrabiada|enrabiat|fum|f煤ria|furi贸s|furiosa|infeli莽|ira|nas|sentiments
|cara vermella|enutjada|enutjat|furi贸s|furiosa|ira|irritant|rbia|sentiments|vermell
|cara|culpa|empipada|empipat|enfadada|enfadat|frustrada|frustrat|furi贸s|furiosa|infeli莽|ira
が|cara amb s铆mbols a la boca|censurar|emprenyada|emprenyat|furi贸s|furiosa|insults|maledicci贸|paraulotes|renecs
|banyes|cara somrient amb banyes|conte de fades|dimoni|fantasia|foscor|malvat|somriure
|cara enfadada amb banyes|conte de fades|diable|dimoniet|entremaliada|entremaliat|fantasia|malvada|malvat|trapella
|calavera|cara|conte|crani|estic morta|ha ha ha|monstre|morta|nom茅s es viu una vegada
|caca amb ulls|cara|c貌mic|fa pudor|fer pudor|merda|monstre|pudenta|ulls
ぁ|cara de pallasso|pallassa|pallasso
|cara|conte de fades|criatura|dimoni|esgarrif贸s|fantasia|japon猫s|mscara|monstre|ogre|japon茅s
|cara|conte de fades|criatura|enfadat|fantasia|follet|japon猫s|malvat|mscara|monstre|japon茅s
|agitada|agitat|aparici贸|buu|cara de fantasma|conte de fades|criatura|esgarrif贸s|fantasia|fantasma|halloween|monstre|ximple
|alien铆gena|cara|conte de fades|criatura|espai|extraterrestre|fantasia|monstre|ovni
|lien|alien铆gena|conte de fades|extraterrestre|fantasia|invasors de lespai|jocs|jugador|monstre|ovni|pixelat
|cara de robot|monstre|robot
|animal|boca|cara|gat somrient amb la boca oberta|oberta|somrient|somriure
|animal|cara|gat somrient amb els ulls alegres|somrient|somriure obert|ulls alegres
|alegria|animal|cara|fart de riure|gat amb llgrimes dalegria|llgrimes|riure
|amor|cara|cor|gat somrient amb cors als ulls|somriure|ulls
|animal|cara|gat amb somriure ir貌nic|ironia|ir貌nica|somriure
|animal|cara|gat que fa un pet贸 amb els ulls tancats|pet贸|ulls tancats
|animal|cara de gat espantat|espantat|gat|oh|por|sorpr猫s|sorpresa|sorpr茅s
|animal|cara de gat que plora|gat que plora|llgrima|llgrimes|plorar|trista
|animal|cara de gat enutjat|enuig|gat enfadat|gat enutjat
|animal|avergonyida|cara|d茅u meu|espantada|gest|malvada|mona que no mira|no mira|oblit|prohibida|secret|ulls tapats
|animal|escoltar|gest|massa informaci贸|mona que no escolta|no|orelles tapades|prohibit|pst|secret
|animal|boca tapada|gest|mona que no parla|no|parlar|prohibit|secret|sigil|silenci|ui!
|amor|aventura amorosa|carta damor|correu|sant valent铆
|adorables|amor|aventura|cita|cor amb fletxa|cupido|emoci贸|fletxa|sant valent铆|testimo
|abra莽ades i petons|aniversari|cor amb un lla莽|emoci贸|lla莽|petons|sant valent铆|testimo
|bona nit|cor espurnejant|emocionada|emocionat|espurna|espurneig|petons i abra莽ades|testimo
|abra莽ades i petons|batec|cor que creix|creixent|emoci贸|emocionada|emocionat|muac|petons|testimo
|amor|batec|bategant|crdio|cor que batega|cor rosa que batega|emoci贸|testimo|vibrant
|adorable|aniversari|cors que giren|emoci贸|girant
|amor|aniversari|cita|cor|dos cors|emoci贸|petons|testimo
|cor blanc sobre fons morat|cor decoratiu|cor morat
|cor|desolada|desolat|emoci贸|solitari|solitria|trencar|trencat|trista
わ|amor|cor en flames|cor sagrat|foc|lux煤ria
わ┕|cor embenat|millora|recuperaci贸|salut
┓|adorable|agradar|amor|bonic|cor|especial|rosa
А|cor taronja|taronja
|amor|card铆aca|cor|emoci贸|groc|testimo
|amor|cor|emoci贸|romntica|testimo|verd
|amor|aventura amorosa|cor blau|emoci贸|testimo
┑|amor|blau cel|bonic|cian|cor blau cel|turquesa
|amor|cor lila|el millor|emoci贸|la millor|testimo
|cor|marr贸
|cor|dolenta|malvada|malvat|negre
┒|amor|bonic|cor|gris|plata|platejat
|blanc|cor
|aventura amorosa|cita|cor|emoci贸|fer un pet贸|llavis|marca de pet贸|pet贸|sexy
|100|cent punts|cert|clarament|estic dacord|punts|puntuaci贸 perfecta|sens dubte|s铆|veritat
|c貌mic|enfadada|enfadat|enuig|furi贸s|furiosa|malhumorada|malhumorat|s铆mbol denuig|s铆mbol dira
|bomba|bum|col路lisi贸|col路lisionar|c貌mic|esclat|explotar
|brillant|c貌mic|estel fuga莽|estrella|estrelles|mareig|marejada|marejat
|aigua|c貌mic|entrenament|entrenar-se|esquitxada|gota|gotes de suor|suor
|c貌mic|c贸rrer|he de marxar|n煤vol|pet|pressa|rpid|sortir corrent
筹|forat
|bafarada de parlar|c貌mic|conversa|dileg|discurs|escrivint|missatge|parlar|sms|text
锔锔|bafarada|testimoni|ull dins duna bafarada|vist
锔|bafarada de parlar cap a lesquerra|dileg|esquerra|parlar
锔|bafarada denuig cap a la dreta|dreta|empipada|empipat|enfadada|enfadat|furi贸s|furiosa|parlar
|adonar-se|bafarada de pensar|c貌mic|decisions|dibuix animat|idea|il路lusi贸|invenci贸|invent|pensaments|pensant|pensar|preguntar-se|somnis
|adormida|adormit|bona nit|cansada|cansat|c貌mic|dormir|son|zzz
|ad茅u|ei|ens veiem|fins aviat|fins despr茅s|he de marxar|hola|m que saluda|men vaig|que hi ets?|saludant|saludar|salutaci贸
|al莽ada|m|revers de la m
锔|alto|dits oberts|m aixecada amb els dits oberts|m amb els dits oberts|m oberta
|alto|cinc|m aixecada|xoca-la
|dit|m|mans|salutaci贸 vulcaniana|spock|star trek|vulcani
|a la dreta|agafar|dreta|encaixada de mans|encaixar|m cap a la dreta
|a lesquerra|agafar|encaixada de mans|encaixar|esquerra|m cap a lesquerra
|abaixa|agafar|deixar anar|descarta|m amb el palmell cap avall|no|rebutja|recollir
|acostat|aixeca|diguem|donam|m amb el palmell cap amunt|no ho s茅|ofereix|vine
|aturar|bloquejar|emp猫nyer|esperar|esquerra|m que empeny cap a lesquerra|prou|rebutjar|xocar
|aturar|bloquejar|dreta|emp猫nyer|esperar|m que empeny cap a la dreta|prou|rebutjar
|acceptaci贸|dacord|entesos|genial|impressionant|m dacceptaci贸|ok|perfecte|senyal daprovaci贸 amb la m
|dits junts|gest de la m|interrogaci贸|paci猫ncia|qu猫 dius|relaxaci贸|sarcstic
|dits|m que pessiga|petit|quantitat petita|una mica
锔|m|pau|senyal de la vict貌ria|vict貌ria
|creuar|creuats|dits|m|sort
|<3|amor|car|cor|diners|fregar els dits|m amb el dit 铆ndex i el polze creuats|petar els dits
|dits|gest de testimo|m|testimo|tres dits
|banyes|dits en forma de banyes|genial|rock|signe de les banyes
|m que representa una trucada|trucada|trucar
|assenyalar|dit 铆ndex que apunta cap a lesquerra|esquerra|铆ndex|m
|assenyalar|dit 铆ndex que apunta cap a la dreta|dreta|铆ndex|m
|amunt|assenyalar|dit 铆ndex que apunta cap amunt|m
|dit cor|dit del cor|dit del mig|dit mitger|fer la figa|m
|avall|dit 铆ndex que apunta cap avall|铆ndex
锔|aix貌|amunt|assenyalar|dit|铆ndex que apunta cap amunt|m
|apuntar|assenyalar|dit|铆ndex que assenyala lespectador|m|tocar|tu
|+1|amunt|b茅|brutal|dacord|entesos|fantstic|genial|guai|magrada|m|polze cap amunt|s铆
|-1|avall|aversi贸|malament|no magrada|polze cap avall
|m|puny al莽at|puny tancat|solidaritat
|a prop|artells|col路lega|cop de puny|copejar|correcte|dacord|m|puny|totalment
|cap a lesquerra|esquerre|puny cap a lesquerra|salutaci贸
|cap a la dreta|dret|puny cap a la dreta|salutaci贸
|aplaudiment|aplaudint|aprovaci贸|ben fet|bona feina|enhorabona|entusiasme|fantstic|genial|mans que aplaudeixen|picar de mans|visca!
|celebraci贸|gest|hurra|lloan莽a|mans aixecades|mans enlaire
|<3|amor|cor|mans que formen un cor|testimo
|abra莽ada|cos|m|mans de jazz|mans obertes|oberta|virar bruscament
げ|desig|du|mans en forma c貌ncava|mans juntes amb els palmells cap amunt|pregar|pregria
|acord|encaixada de mans|mans|salutaci贸|tracte
|apreciar|demanar|gest|grcies|m|mans ajuntades|mans en oraci贸|oraci贸|pregar|si us plau
锔|escriure|m que escriu
|cosm猫tics|cura|esmalt dungles|manicura|maquillatge|sha acabat|ungla
こ|autofoto|cmera|foto|m貌bil|selfie
|aixecament de peses|b铆ceps tensat|bra莽|c貌mic|cos|culturista|flexi贸 de b铆ceps|for莽uda|for莽ut|forta|m煤scul|musculada|musculat
|accessibilitat|bra莽 mecnic|pr貌tesi de bra莽
|accessibilitat|cama mecnica|cama ortop猫dica|pr貌tesi de cama
Φ|cama doblegada|cama flexionada|extremitat|genoll|peu|puntada de peu
Χ|peus|puntada de peu|trepitjada|turmell
|cos|escoltar|o茂da|orella|orelles|sentir|so
|accessibilitat|orella amb audi貌fon|problema daudici贸
|cos|nassos|olors|pudor|tafanera
|cervell|intel路ligent
|anatomia|batec|cardiologia|cor real|貌rgan|pols|vermell
|exhalaci贸|inhalaci贸|貌rgan|pulm贸|pulmons|respiraci贸|respirar
Ψ|blanc|dentista|dents|perl铆|perlina
Υ|esquelet|gos|os de la sort|ossos
|cara|cos|d茅u meu|mirant|mirar|ullada|ulls|veure|vista
锔|cos|ull
|cos|llengua|llepada|llepar|xarrupada|xarrupar
|bellesa|boca|cos|fer un pet贸|llavis|pet贸|pintallavis
|boca que es mossega el llavi|flirteig|incomoditat|llavi|mossegada|nervis|pet贸|pintallavis|por|preocupaci贸|preocupat|sexy
|beb猫s|embarassada|jove|nad贸|nounat|beb茅s
|criatura|g猫nere neutre|infant|jove|nen
|jove|nen|noi
|filla|jove|nena|noia|trenes|ulls brillants
|adult|g猫nere neutre|persona
|cabells curts rossos|cabells rossos|cara|home|persona amb cabells curts i rossos|persona amb cabells rossos|persona amb els cabells rossos|persona rossa|persona: cabells rossos|ros
|amic|home|mascul铆|noi|xicot
|barba|barbut|bigoti|bigotut|persona amb barba|persona: barba
锔|barba|home: barba
扁锔|cabell|home: cabell ros|ros
|adulta|castanya|dona|femen铆|senyora|tall de cabells
锔|barba|dona: barba
扁锔|cabell|dona: cabell ros|rossa
|adult|g猫nere neutre|gran|persona anciana
|anci|avi|calb|gran|home|iaio|perdent cabell|savi|vell
|anciana|via|cabell gris|dona|gran|iaia|monyo|svia|vella
|afectada|cara trista|disgustada|dona emmurriada|emmurriament|gest|molesta|persona arrufada|persona emmurriada|trista
锔|arrufar|arrufat|celles|disgustat|gest|home emmurriat|mascul铆
锔|arrufar|celles|dona emmurriada|femen铆|gest
|arrufar les celles|cara denfadada|dona empipada|enfadada|enuig|ganyota|gest|morros|persona enutjada
锔|enuig|gest|home enutjat|home fent morros|mascul铆
锔|dona enutjada|enuig|femen铆|gest
|barrar el pas|bra莽os|dona fent el gest de negaci贸|gest de negaci贸|m|negaci贸|no|persona fent el gest de negaci贸|prohibit
锔|gest|home amb gest de negaci贸|m|no|prohibit
锔|dona amb gest de negaci贸|gest|m|prohibit
|aprovaci贸|bra莽os amunt|cara|dacord|exercici|gest daprovaci贸|mans al cap|persona amb els bra莽os amunt|persona amb les mans amunt|persona fent el gest daprovaci贸
锔|acord|dacord|d茅u meu|exercici|gest|home amb gest daprovaci贸|m|mans al cap|ok
锔|acord|dona amb gest daprovaci贸|gest|m|ok
|ajuda|茅s igual|flexi贸|informaci贸|m|moviment dels cabells|persona amb la m inclinada cap amunt|persona amb m inclinada cap amunt|sarcasme|sarcstica|xafarderia
锔|ajuda|home amb m inclinada cap amunt|inclinant|informaci贸|m|moviment del cabell|sarcasme|sarcstic|xafarderia
锔|ajuda|dona amb m inclinada cap amunt|informaci贸|m
|dona que aixeca la m|gest|ho s茅|jo|m aixecada|noia que aixeca la m|persona amb la m aixecada|persona contenta que aixeca la m|persona que aixeca la m|pregunta|somriure
锔|gest|ho s茅|home amb la m aixecada|jo|m|mans|mascul铆|persona amb la m aixecada|pregunta
锔|dona amb la m aixecada|femen铆|gest|m
|accessibilitat|o茂da|persona sorda|sentir|sorda
锔|home|sord
锔|dona|sorda
|capbaix|capcot|demanar perd贸|disculpa|gest|inclinaci贸|meditaci贸|meditar|perd贸|persona capbaixa|persona capcota|persona fent una rever猫ncia|persona inclinant-se|rever猫ncia
锔|disculpa|gest|home capcot|rever猫ncia
锔|disculpa|dona capcota|gest|meditaci贸|meditar|perd贸|rever猫ncia
う|cara|exasperaci贸|frustraci贸|incredulitat|m a la cara|persona amb la m a la cara|vergonya
う锔|cara|exasperaci贸|home amb la m a la cara|incredulitat|m a la cara|persona
う锔|cara|dona amb la m a la cara|exasperaci贸|incredulitat|m a la cara|perplexitat|persona
し|arronsar|desconeixement|dubte|espatlles|ignorncia|indifer猫ncia|ni idea|no ho s茅|persona arronsant les espatlles|persona dubtant|persona que arronsa les espatlles|persona que dubta
し锔|dubte|encongir-se despatlles|home que arronsa les espatlles|ignorncia|indifer猫ncia|ni idea|no ho s茅|noi que arronsa les espatlles|persona que arronsa les espatlles|potser
し锔|cara|dona que arronsa les espatlles|dubte|encongir les espatlles|ignorncia|indifer猫ncia|ni idea|no ho s茅|noia que arronsa les espatlles|persona que arronsa les espatlles|potser
锔|doctor|infermer|professional de la salut|salut|terapeuta
ㄢ锔|assist猫ncia sanitria|doctor|home professional de la salut|infermer|metge|salut|terapeuta
┾锔|assist猫ncia sanitria|doctora|dona professional de la salut|infermera|metgessa|professional de la salut|salut|terapeuta
|estudiant|graduat
ㄢ|estudiant|graduaci贸|graduat|home|mascul铆|noi estudiant
┾|dona|estudiant|femen铆|graduaci贸|graduada|noia estudiant
|instructor|mestre|professor
ㄢ|home|instructor|mascul铆|mestre|professor
┾|dona|femen铆|instructora|mestra|professora
锔|balan莽a|jutge
ㄢ锔|balan莽a|home|just铆cia|jutge|mascul铆
┾锔|balan莽a|dona|femen铆|just铆cia|jutgessa
|agricultor|granger|jardiner|llaurador|pag猫s|ramader|rural
ㄢ|agricultor|granger|home|jardiner|llaurador|mascul铆|pag猫s|ramader|rural
┾|agricultora|dona|femen铆|grangera|jardinera|llauradora|pagesa|ramadera|rural
|cuiner|xef
ㄢ|cuiner|home|mascul铆|xef
┾|cuinera|dona|femen铆|xef
|electricista|lampista|mecnic
ㄢ|comerciant|electricista|home|lampista|mascul铆|mecnic|operari
┾|comerciant|dona|electricista|femen铆|lampista|mecnica|operria
|fbrica|industrial|operari|treballador
ㄢ|fbrica|industrial|muntatge|operari|treballador
┾|dona|fbrica|industrial|muntatge|operria|treballadora
|arquitecte|negoci|oficina|treballador doficina
ㄢ|arquitecte|director|gerent|negoci|oficina|oficinista|treballador doficina
┾|arquitecta|directora|dona|gerent|negoci|oficina|oficinista|treballadora doficina
|bi貌leg|cient铆fic|enginyer|f铆sic|qu铆mic
ㄢ|bi貌leg|cient铆fic|enginyer|f铆sic|home|matemtic|qu铆mic
┾|bi貌loga|cient铆fica|enginyera|f铆sica|matemtica|qu铆mica
|desenvolupador|inventor|programador|tecn貌leg
ㄢ|codificador|desenvolupador|home|inventor|ordinador|programador|programari|tecn貌leg
┾|codificadora|desenvolupadora|dona|inventora|ordinador|programadora|programari|tecn貌loga
|actor|cantant|estrella|presentador
ㄢ|actor|artista|cantant home|estrella del rock|presentador
┾|actriu|artista|cantant|dona|estrella del rock|presentadora
|artista|paleta
ㄢ|artista|home|mascul铆|paleta|pintor
┾|artista|dona|femen铆|paleta|pintora
锔|avi贸|pilot
ㄢ锔|avi贸|home|mascul铆|pilot
┾锔|avi贸|dona|femen铆|pilot
|astronauta|coet
ㄢ|astronauta|coet|espai|home
┾|astronauta|coet|dona|espai
|bombera|cami贸 de bombers
ㄢ|bomber|cami贸 de bombers|home|mascul铆
┾|bombera|cami贸 de bombers|dona|femen铆
|agent de policia|detenir|gorra de policia|home|persona|policia|seguretat
锔|agent de policia home|home|mascul铆|policia
锔|agent de policia dona|arrest|detenir|dona|femen铆|gorra de policia|persona|policia
碉|detectiu|espia|home|investigador
碉锔|detectiu|espia|home|investigador
碉锔|detectiu|dona|espia|investigadora
|barret|guarda|londres|palau de buckingham
锔|guarda|home|mascul铆
锔|casc|dona|femen铆|guarda|londres|palau de buckingham
シ|assass铆|guerrer|lluitador|ninja|ocult|persona|sigil贸s
|casc de protecci贸|casc de seguretat|construcci贸|feina|home|obra|paleta|persona|treballador de la construcci贸
封锔|construcci贸|home paleta|mascul铆|treballador
封锔|casc de protecci贸|casc de seguretat|construcci贸|dona|feina|femen铆|obra|paleta|treballadora de la construcci贸
|monarca|noblesa|persona amb corona|reialesa|reina
ご|pr铆ncep|reialesa
|conte de fades|corona|fades|fantasia|princesa|reialesa|reina
|home amb turbant|persona amb turbant|turbant
斥锔|home amb turbant|mascul铆|turbant
斥锔|dona amb turbant|femen铆|turbant
|barret|gorra|guapimao|home amb barret xin猫s|xin猫s
|cap cobert|dona amb el cap cobert|dona amb mocador de cap|hijab|mantellina|mocador de cap
さ|elegant|esm貌quing|formal|home|nuvi|persona amb esm貌quing
さ锔|esm貌quing|home amb esm貌quing
さ锔|dona amb esm貌quing|esm貌quing
|casament|n煤via amb vel|persona amb vel|vel
扳锔|home amb vel|vel
扳锔|dona amb vel|vel
ぐ|dona|embars|embarassada|prenyada
|embars|embarassat|home embarassat|menjar massa|panxa|prenyat
|embars|embarassada|embarassat|menjar massa|panxa|persona embarassada|prenyada|prenyat
け|alletar|dona que alleta|lactncia|lactant|nad贸|pit
┾|alimentar|alletar|amor|beb猫|biber贸|dona que alleta un beb猫|mama|mare
ㄢ|alimentar|alletar|amor|beb猫|biber贸|home que alleta un beb猫|pare
|alimentar|alletar|beb猫|biber贸|dona|home|persona que alleta un beb猫
|ales|ngel|angelet|beb猫|conte de fades|esgl茅sia|fantasia
|celebraci贸|conte de fades|fantasia|nadal|noel|pare|santa claus
ざ|via|c貌fia|mare|nadal|noel|senyora
|festes|nadal|noel|persona|santa claus
Ω|b茅|bo|heroi|hero茂na|persona amb superpoders|superheroi|superhero茂na|superman|superpoders
Ω锔|bo|heroi|home superheroi|superpoder
Ω锔|bo|dona superhero茂na|hero茂na|superpoder
|criminal|dolent|malvat|persona dolenta|persona malvada|superdolent|superpoders
光锔|criminal|dolent|home superdolent|malvat|superpoder
光锔|criminal|dolenta|dona superdolenta|malvada|superpoder
|barret de punta|bruixa|bruixot|conjur|encantament|fantasia|fetillera|mag|personatge fantstic|sortilegi
锔|bruixot|fetiller|home mag
锔|bruixa|dona maga|fetillera
|ales|conte de fades|fada|fantasia|follet|mitologia|ober贸|personatge fantstic|puck|titnia
锔|home fada|ober贸|puck
锔|dona fada|titnia
|dents|disfressa|drcula|esgarrif贸s|fantasia|halloween|mort vivent|morta vivent|personatge fantstic|sang|supernatural|ullals|vampir|xuclar la sang
锔|drcula|home vampir|mort vivent
锔|dona vampir|morta vivent|vampiressa
|cant de sirena|conte de fades|criatura del mar|fantasia|folklore|mitologia|persona sirena|personatge fantstic|sirena|trident|trit贸
锔|conte de fades|criatura del mar|fantasia|folklore|mar|mitologia|nept煤|personatge fantstic|poseid贸|trident|trit贸
锔|cant de sirena|conte de fades|criatura del mar|fantasia|folklore|mar|mitologia|personatge fantstic|sirena|trident
|el senyor dels anells|elf|encantament|fantasia|folklore|mgic|mitologia|orelles de punta|personatge fantstic
锔|home elf|mgica
锔|dona elfa|mgica
|desitjos|fantasia|fregar la llntia|geni blau|geni de la llntia|personatge fantstic
锔|geni|home geni
锔|dona geni|geni
|esgarrif贸s|halloween|horror|mort vivent|por|terror铆fic|walking dead|zombi
锔|home zombi|mort vivent
锔|dona zombi|morta vivent
|conte|fades|fantasia|monstre|trol
|bellesa|calmar|cara|mal de cap|massatge de cap|massatge facial|persona que rep un massatge al cap|persona que rep un massatge facial|relaxaci贸|relaxant|sal贸|spa|tensi贸
锔|calmar|cara|home que rep un massatge|mal de cap|mascul铆|massatge facial a un home|relaxant|sal贸|tensi贸
锔|cara|dona que rep un massatge|femen铆|massatge facial a una dona|relaxant
|bellesa|cabells|cara|perruqueria|persona a la perruqueria|persona que es talla els cabells|tallada de cabells|tallar els cabells|tallat de cabells
锔|barber|bellesa|cabells|home que es talla els cabells|mascul铆|perruqueria|sal贸|tall de cabell|tallada de cabells|tallat de cabells
锔|cabells|dona que es talla els cabells|femen铆|tallada de cabells
|caminada|caminar|home que camina|noi|passeig|passejada|passejar xino-xano|persona caminant|persona que camina|vianant
垛锔|caminada|home caminant|home que camina|mascul铆|passejada
垛锔|caminada|caminar|deambular|dona caminant|dona que camina|femen铆|gambada|passejada|passejar xino-xano|vianant
|dempeus|dreta|persona dreta
锔|dempeus|dret|home
锔|dempeus|dona|dreta
|agenollada|agenollat|de genolls|genolls|persona agenollada
锔|agenollat|de genolls|home
锔|agenollada|de genolls|dona
Ο|accessibilitat|invident|persona amb un bast贸 per a invidents
ㄢΟ|accessibilitat|cec|home amb un bast贸 per a cecs|home amb un bast贸 per a invidents|invident
┾Ο|accessibilitat|cega|dona amb un bast贸 per a invidents|invident
|accessibilitat|cadira de rodes amb motor|cadira de rodes el猫ctrica|persona amb una cadira de rodes amb motor|persona amb una cadira de rodes el猫ctrica
ㄢ|accessibilitat|cadira de rodes|home amb una cadira de rodes amb motor|home amb una cadira de rodes el猫ctrica|home amb una cadira de rodes motoritzada
┾|accessibilitat|cadira de rodes|dona amb una cadira de rodes amb motor|dona amb una cadira de rodes el猫ctrica|dona amb una cadira de rodes motoritzada
|accessibilitat|cadira de rodes manual|persona amb una cadira de rodes manual
ㄢ|accessibilitat|cadira de rodes|home amb una cadira de rodes manual
┾|accessibilitat|cadira de rodes|dona amb una cadira de rodes manual
|corredora|corrent|cursa|esport|marat贸|persona que corre|pressa|rpida|velocitat
锔|c贸rrer|cursa|home que corre|marat贸
锔|afanyar-se|corredora|corrent|c贸rrer|cursa|de pressa|dona que corre|marat贸|pressa|rpid|velocitat
|ballant|ballarina|dansa|dona que balla|elegant|festiva|flamenca|ritme|salsa|talent|tango
|ballant|ballem|dansa|disco|elegant|flamenc|home que balla|m煤sica|ritme|salsa|talent|tango
达|home amb vestit de negocis que levita|home de negocis que levita|levitar|negocis|vestit
|amigues|ballarines|bessones|conilletes|dansaires|dobles|dones id猫ntiques|dues dones|dues noies|festa|germanes|noies id猫ntiques|orelles de conill|orelletes de conill|parella|persones que ballen disfressades
锔|ballar铆|ballarins amb orelles de conill|conillet|dos homes id猫ntics|festa|homes que ballen disfressats|millor amic
锔|ballarina|ballarines amb orelles de conill|conilleta|dones que ballen disfressades|festa
|bany de vapor|persona a la sauna|persona en un bany de vapor|persona en una sauna|relaxaci贸|sauna|spa|vapor
锔|home a la sauna|sauna|vapor
锔|dona a la sauna|sauna|vapor
|escalada|escaladora|escalar|esport|muntanya|persona escalant|persona que escala
锔|escalada|escalador|home
锔|dona|escalada|escaladora
ず|esgrima|esgrimidora|espasa|floret|persona que fa esgrima|sabre|tiradora
|cavall de cursa|cavalls|curses de cavalls|equitaci贸|genet|joquei|triple corona
凤|esquiadora|esquiar|neu
|esport|esqu铆|esquiar|neu|surf de neu|surfista de neu
锔|birdie|bola|esport|golfista|green|home que juga al golf|pal|persona que juga al golf|pilota|putt
锔锔|golfista|home que juga a golf|mascul铆
锔锔|dona que juga a golf|femen铆|golfista|pilota
|esport|mar|onada|persona fent surf|persona que fa surf|platja|surfista|taula
锔|home que fa surf|mascul铆|surf|taula
锔|dona que fa surf|femen铆|oce|ones|persona fent surf|platja|surfera|taula
|aigua|barca de rems|bot|canoa|esport|llac|navegar|persona que rema en una barca|persona remant en una barca|pesca|remar|rems|riu
ｂ锔|barca|home que rema en una barca|mascul铆|rem
ｂ锔|barca|dona que rema en una barca|femen铆|llac|navegar|pesca|remant|remar|riu
|crol|esport|nataci贸|nedador|nedar|persona nedant|persona que neda|triatl贸
锔|home que neda|mascul铆|nedador|nedar
锔|dona que neda|femen铆|nedadora|nedar
癸|bsquet|basquetbol|esportista|home amb una pilota|home fent botar una pilota|jugador de bsquet|jugador de basquetbol|persona amb una pilota|persona fent botar una pilota|pilota|tir lliure
癸锔|home amb una pilota|mascul铆|pilota
癸锔|dona amb una pilota|femen铆|pilota
锔|aixecador|culturista|entrenament|esport|exercici|halterof铆lia|home que aixeca peses|persona que aixeca peses|persona que practica halterof铆lia|pesa
锔锔|aixecador|home que aixeca peses|mascul铆|peses
锔锔|aixecadora|dona que aixeca peses|femen铆|peses
|bicicleta|ciclisme|ciclista|esport|persona amb bicicleta|persona en bicicleta|persona pedalejant
粹锔|bicicleta|ciclisme|ciclista|home|mascul铆
粹锔|anar amb bicicleta|bicicleta|ciclisme|ciclista|dona amb bicicleta|femen铆
|anar amb bicicleta|bicicleta|ciclisme de muntanya|ciclista de muntanya|esport|muntanya|pedalejar|persona amb bicicleta de muntanya
碘锔|bicicleta|ciclista de muntanya home|home|muntanya
碘锔|anar amb bicicleta|bicicleta|ciclista de muntanya dona|dona|esport|muntanya
じ|esport|exercici|gimnasta|gimnstica|persona fent la roda|persona que fa la roda|roda
じ锔|emoci贸|esport|felicitat|fer la roda|gimnstica|home actiu|home emocionat|home que fa la roda|noi actiu|noi emocionat|noi que fa la roda|persona|roda|salt|tombarella
じ锔|dona activa|dona emocionada|dona que fa la roda|emoci贸|esport|felicitat|fer la roda|gimnstica|noia activa|noia emocionada|noia que fa la roda|persona|roda|salt|tombarella
ぜ|combat|enfrontament|esport|lluita grecoromana|lluita lliure|lluitadores|lluitadors|lluitar|persones lluitant|persones que lluiten|quadrilter
ぜ锔|combat|enfrontament|esport|homes lluitant|homes que lluiten|jugadors de lluita|lluita grecoromana|lluita lliure|lluitadors|lluitar|mascul铆|persones|quadrilter
ぜ锔|combat|dona|dones lluitant|dones que lluiten|enfrontament|esport|femen铆|jugadores de lluita|lluita grecoromana|lluita lliure|lluitadores|lluitar|persona|persones|quadrilter
そ|aigua|esport aqutic|esportista|persona jugant a waterpolo|persona que juga a waterpolo|waterpolista|waterpolo
そ锔|esport aqutic|esportista|home jugant a waterpolo|home que juga a waterpolo|jugador de waterpolo|mascul铆|persona jugant a waterpolo|persona que juga a waterpolo|waterpolista|waterpolo
そ锔|dona que juga a waterpolo|esportista|femen铆|jugadora de waterpolo|noia que juga a waterpolo|persona que juga a waterpolo|waterpolista|waterpolo
ぞ|esportista|handbol|persona jugant a handbol|persona que juga a handbol|pilota
ぞ锔|esport|handbol|home|jugador dhandbol|mascul铆
ぞ锔|dona|esport|femen铆|handbol|jugadora dhandbol|jugar a handbol|llan莽ament de pilota|llan莽ar|noia|persona|pilota
す|circ|home fent malabars|home que fa malabars|joc malabar|malabarisme|malabarista|malabars|multitasca|persona fent malabars|persona que fa malabars
す锔|home fent malabars|malabarista home|malabars|mascul铆|multitasca|noi fent malabars|persona fent malabars
す锔|dona|femen铆|fer jocs malabars|malabarista dona|malabars|multitasca
|amb les cames creuades|cames creuades|ioga|iogui|lotus|meditaci贸|pau|persona en la posici贸 de lotus|persona en posici贸 de lotus|persona meditant|relax|zen
锔|home en la posici贸 de lotus|ioga|lotus|meditaci贸
锔|dona en la posici贸 de lotus|ioga|lotus|meditaci贸
|banyera|persona a la banyera
|becaina|bona nit|cansada|cansat|dormir|hotel|llit|nit|persona al llit|zzz
|agafar-se de la m|m|mans agafades|parella|persona|persones que sagafen de la m
|agafar-se de la m|amigues|amistat|cita|dones que sagafen de la m|gai|germana|germanes|lesbiana|lgbtqia|mans agafades|millor amiga|millors amigues|noies|parella de dones|queer
|agafar-se de la m|amics|amigues|cita|dona|enamorats|flirteig|home i dona que sagafen de la m|mans agafades|parella|tothom
|agafar-se de la m|amics|bessons|cita|els millors amics|enamorats|gai|g猫mini|homes que sagafen de la m|lgbtqia|m|mans agafades|nois|parella|queer
|amor|aniversari|aventura|cita|cor|parella|pet贸|romntic
|amor|aniversari|aventura amorosa|cor|parella amb un cor|pet贸|romntic
ｏ|cap que parla|parlant|parlar|persona que parla|silueta que parla
|bust|misteri贸s|misteriosa|ombra|silueta dun bust
|amics|bustos|persones|silueta de bustos|siluetes|tothom
|abra莽ada|adeu|amistat|amor|grcies|hola|persones que sabracen
|criatura|fam铆lia|filla|mare|nena|pare
|adult|fam铆lia|infant
|adult|fam铆lia|infants
|adult|fam铆lia|infant
|adult|fam铆lia|infant
|caminar|cos|descal莽a|empremta|petjades|roba|vestit
|animal|cara de mona|curiosa|mona
|animal|mico|mona
|animal|goril路la|simi
Η|animal|mico|mona|orangutan|simi
|animal|cadells|cara de gos|gos|mascota
|animals|gossos|mascota
Ξ|accessibilitat|cec|cega|gos guia|gos pigall|guia|invident
|accessibilitat|assist猫ncia|gos de servei|servei
|caniche|gos|peluda|pelut|p煤del
|animal|cara de llop|llop
|animal|cara|guineu
|animal|astut|curi贸s|os rentador
|animal|cara de gat|gatet|mascota
|animals|gatet|gats|mascota
猬|animal|fel铆|gat|mala sort|marrameu|negre
|alfa|animal|bram|cara de lle贸|fort|leo|lle贸|rugit|safari|zod铆ac
|animal|cara de tigre|depredador|gran fel铆|tigre
|animals|depredador|gran fel铆|tigre|zoo
|animal|depredador|gran fel铆|lleopard|pantera|zoo
|animal|cara de cavall|cavalls|domatge|equ铆|equina|granja
|animal|ant|banyes|mam铆fer|uapit铆
|animal|ase|mam铆fer|mula|ruc|somer|tossut
|animal|cavall|cursa de cavalls|curses|derbi|eq眉estre|equitaci贸|granja|h铆pica|triple corona
|cara dunicorn|unicorn
|ratlla|zebra
|animal|c茅rvol
Μ|animal|bis贸 europeu|b煤fal|ramat
|animal|cara de vaca|granja|llet|muuu|vaca
|animals|bou|brau|granja|taure|zod铆ac
|aigua|animals|b煤fal aqutic|zoo
|animals|granja|llet|muuu|vaca
|animal|cansalada|cara de porc|granja|porc
|animals|cansalada|granja|grassa|porc|truja
|animal|porc|senglar
|animal|cara|granja|morro|nas de porc|porc
|animals|ries|banyes|mard|marr|ovella|zod铆ac|zoo
|animal|bel|femella|granja|llana|ovella|p猫cora|xai
|animals|cabra|capricorn|granja|llet|zod铆ac
|animal|camell|desert|dromedari|gepa|una gepa
|animal|camell amb dues gepes|camell bactri|dues gepes|gepa|gepes
|alpaca|animal|guanac|llama|llana|vicunya
|girafa|taques
|animal|elefant
Γ|animal|extinci贸|gran|llanut|mamut|ullal
|animal|rinoceront
|animal|hipop貌tam
|animal|cara de ratol铆|ratol铆
|animals|ratol铆
|animal|rata|ratol铆
|animal|cara de hmster|hmster|mascota
|animal|cara de conill|conillet|mascota
|animal|conillet|mascota
匡|esquirol nord-americ
Λ|animal|castor|dents|presa
|eri莽贸|punxes
|animal|muricec|ratapenada|ratapinyada|ratpenat|vampir|voliac
|animal|cara dos|esbramec|mel|os
烩锔|rtic|blanc|os polar
|animal|austrlia|coala|marsupial|os
|animal|bamb煤|cara de panda|panda
Ε|gandul|lent|mandr贸s|peres贸s
Ζ|juganera|ll煤dria|ll煤driga|pescadora
Θ|fer pudor|mofeta|pudor
|animal|austrlia|cangur|cria de cangur|marsupial|saltar
Α|animal|teix贸|toix贸
|animal|petjades danimal|potes
|au|dia dacci贸 de grcies|engolir|gall dindi|indiot
|animal|au|gallina|ornitologia|pollastre
|animals|aus|gall|ornitologia
|animal|au|cria|desclosa|eclosi贸|ou|pollet que surt de lou|sortida de lou
|au|beb猫|cria|ornitologia|petit|pollet de perfil
|au|beb猫|cria|nad贸|ornitologia|petit|pollet de cara
|animal|au|ocell|ornitologia
|antrtida|au|ornitologia|ping眉铆
锔|au|colom|ocell|ornitologia|pacifista|pau|volar
|guila|liga|animal|au|ocell
|nec|animal|au|ocell
Β|aneguet lleig|animal|au|cigne|ocell|ornitologia
|animal|au|mussol|ocell|ornitologia|savi
Δ|animal|au|dodo|extinci贸|gran|maurici|ornitologia
|au|lleuger|plomatge|volar
Ι|animal|au|cridaner|flamenc|llampant|ocell|ornitologia|tropical
|animal|bonic|colors vius|cua|ocell|orgull|ornitologia|ostent贸s|ostentosa|pa贸|paona
|animal|au|lloro|ocell|ornitologia|parlar|pirata
|ala|angelical|aviaci贸|mitologia|ocell|volar
猬|animal|au|corb|c貌rvids|grall|merla|negre|ocell|ornitologia
|nec|animal|au|clacar|oca|ocell
|au|cendres|fantasia|f猫nix|flama|foc|mitologia|ocell|reencarnaci贸|reencarnar-se|renaixement|ren茅ixer|resili猫ncia|resorgir|transformaci贸|transformar-se
|animal|cara de granota|granota
|animals|cocodril|zoo
|animal|tortuga aqutica|tortugues
|animal|llangardaix|r猫ptil
|ofi眉c|portador|r猫ptil|serpentari|zod铆ac
|animal|cara de drac|conte de fades|drac
|animal|cavallers|conte de fades|drac|fades|fantasia|xin猫s
|braquiosaure|brontosaure|dinosaure|diplodocus|saur貌pode
|dinosaure|tiranosaure|tyrannosaurus rex
|aigua|animal|balena que treu aigua|cara|oce|platja|sortir a raig
|animal|balena|oce|platja
|aleta|animal|dof铆|oce|platja
Ν|animal|foca|lle贸 mar铆|oce
|animal|peixos|pesca|sopar|zod铆ac
|animal|peixos|tropical
|animal|globus|peix
|animal|peix|taur贸
|animal|criatura|mar|oce|pop
|animal|cargol de mar|closca|conquilla|espiral|mar|platja
|canvi climtic|corall|escullera|mar|oce
|animal|aquari|co茂ssor|cremada|dolor|invertebrat|mar铆|medusa|oce|picada|plncton|tentacles
|animal|caragol|cargol|jard铆|llimac|natura
|animal|bonica|insecte|papallona
|animal|bestiola|eruga|insecte|jard铆
|animal|formiga|insecte|jard铆
|abella|abellot|insecte|mel|natura|primavera
|animal|cuca|escarabat|insecte
|animal|escarabat|insecte|jard铆|marieta|natura
|bestiola|grill|insecte|llagosta|ort貌pter|saltamart铆
|animal|ballarola|cuca molla|cuca panissera|escarabat de cuina|insecte|panderola|panerola|plaga|repugnant
凤|aranya|insecte
革|aranya|teranyina
|animal|escorp铆|escorpi贸|zod铆ac
|febre|fiblada|insecte|malaltia|malria|mosquit|picada|picar|virus
|animal|epid猫mia|insecte|larva|malaltia|mosca blava|podrit
|animal|ann猫l路lid|cuc de terra|parsit
|ameba|bacteri|ci猫ncia|microbi|virus
|amor|aniversari|aventura|cita|flor|planta|ram de flors
|cirerer|flor de cirerer|florir|planta|primavera
|blanca|flor
|budisme|calma|ellesa|flor|hinduisme|铆ndia|lotus|pau|puresa|serenitat
碉|planta|roseta
|bellesa|elegant|flor|planta|rosa damor|sant valent铆|vermella
|flor|marcida|m煤stia|pansida|rosa
|flor|hibisc|planta
|aire lliure|flor|gira-sol|planta|sol
|dent de lle贸|floraci贸|margarida|planta|ranuncle
|cultiu|floraci贸|planta|tulipa
|antirr铆num|flor|jacint|lavanda|lil|lupinus|planta|violeta
|brot|jove|nou|plan莽贸|planta
|casa|cr茅ixer|decoraci贸|planta amb test|test
|arbre de fulla perenne|arbre de nadal|avet|bosc|fulla perenne|perenne|pi
|arbre de fulla caduca|bosc|caduc|caiguda de fulles|hbitat|verd
|arbre|palma|palmera|planta|tropical
|cactus|desert|natura|planta|sequera
|arr貌s|espiga darr貌s|grans|planta
|fulla|herba|planta
|4|afortunada|afortunat|fulles|irland猫s|irlandesa|quatre|sort|tr猫vol de quatre fulles
|aur贸|caient|fulla daur贸
|fulla que cau|seca|tardor
|fulla que vola amb el vent|sortir volant|vent|voletejar
|branca|covar|llar|niu buit
|covar|niu amb ous|ocell|ous
|bolet verin贸s|fong|mario|planta
|dion铆s|dionisi|fruita|planta|ra茂m
|cantalup|fruita|mel贸|planta
|fruita|mel贸 daigua|mel贸 de moro|planta|s铆ndria
|c铆tric|fruita|mandarina|nectarina|planta|taronja|vitamina c
|cida|c铆tric|fruita|llimona|planta
|cid|aliment|c铆tric|fruita|llima|menjar|planta|refrescant|tropical|verd
|fruita|pltan|potassi
|colada|fruita|pinya|tropical
キ|aliment|fruita|mango|menjar|tropical
|dieta|fruita|madura|menjar|poma|sana|vermella
|fruita|poma|verda
|fruita|pera|planta
|fruita|planta|pr茅ssec
|cirera|cireres|fruita|planta|vermell
|baia|fruita|maduixa|planta
|blau|fruit del bosc|gerd|menjar|nabius
|fruita|kiwi|menjar
|hortalissa|planta|tomquet|tomata|verdura
|menjar|oliva|olivera
ゥ|cocoter|palmera|pinya colada
|alvocat|fruita|menjar
|alberg铆nia|hortalissa|planta|verdura
|hortalissa|menjar|patata|tubercle
|hortalissa|menjar|pastanaga|verdura
|blat de moro|collita|conrear|cultiu|dacsa|moresc|pan铆s|panotxa
讹|bitxo|pebrot|picant|planta|xili
|capsicum|hortalissa|menjar|pebrot|verd
|cogombret|hortalissa|menjar
ガ|amanida|bleda xinesa|col|enciam|fulla verda|hamburgueses|kale
ウ|br貌coli|br貌quil|col silvestre
|all|aromatitzant|cabe莽a dalls|condiment
|aromatitzant|ceba|condiment
|cacauets|fruita seca|llegum|menjar|sec
|fesols|llegum|menjar|mongeta|petit|rony贸
|castanya|fruita seca|planta|tardor
|arrel de gingebre|beguda|esp猫cia|gingebre|g铆nger|herba|natural|salut
|beina de p猫sol|edamame|fesol|llegum|mongeta|p猫sol|soja|verdura
|aliment|bolet marr贸|fong|menjar|natura|vegetal|vegetari|xampiny贸
|blat|gra|llesca|menjar|pa|restaurant|torrada
|brioixeria|croissant|franc猫s|menjar|pa
|baguet|barra|menjar|pa
|arepa|coca|lavash|naan|pa de coca|pita
エ|br猫tzel|brioixeria|cargolat|menjar
ク|bagel|esmorzar|fleca|forn|panet
|americanes|creps|menjar|pancake
|esmorzar|gofra|gofrera|indec铆s|indecisa
|formatge|porci贸 de formatge|tall de formatge|tros de formatge
|carn amb os|os
|afamada|afamat|carn de pollastre|cuixa de pollastre|gall dindi|pollastre
ォ|bistec|carn vermella|tall de carn|tall de porc|tall de xai
|bac贸|cansalada|carn|menjar|porc|viada
|afamada|afamat|hamburguesa|menjar rpid
|fregides|menjar rpid|patates
|afamada|afamat|formatge|pepperoni|pizza|porci贸|tall
|frankfurt|hot dog|salsitxa
オ|entrep|pa
|mexic|taco
|burrito|enrotllat|mexic|rotlle|tortilla
|enrotllat|menjar|mexic|pamonha|tamal
|durum|falfel|farcit|kebab|menjar|pa
|cigr贸|croqueta|falfel|mandonguilla|pilota
|menjar|ou
|cuina|esmorzar|fcil|fregir|ou ferrat|paella|restaurant
|arr貌s|cassola|menjar|paella|poc fonda|valenciana
|cassola de menjar|estofat|guisat|menjar|olla|sopa
|cassola|desfet|esqu铆|fondue|formatge|menjar|su铆s|su茂ssa|xocolata
ィ|arr貌s congee|bol amb cullera|cereals|esmorzar|farina de civada|farinetes
|amanida|bol|enciam|menjar|verd
|blat de moro|crispetes|pel路l铆cula
|mantega|producte lacti
|condiment|disgustada|disgustat|fada|fat|gust|sabor|salat|saler
カ|aliments enllaunats|conserva|llauna de conserva|menjar
|bento|caixa de bento|menjar
|arr貌s|galeta darr貌s|galeta salada|menjar
|arr貌s|bola darr貌s|japon猫s|menjar|onigiri
|arr貌s|bullit|menjar
|arr貌s al curri|curri|menjar
|bastonets|bol|fideus|fumejant|menjar|palets|pho|plat|ramen|sopa
|espaguetis|itali|mandonguilles|menjar|pasta|restaurant
|dol莽|menjar|moniato|rostit
|broqueta de marisc|kebab|marisc|menjar|oden|pal|restaurant
|cru|menjar|peix|sushi
|fregida|gamba|tempura
|menjar|past铆s de peix amb remol铆|peix|remol铆|restaurant
ギ|festival|past铆s de lluna|pastisset de lluna|tardor|yu猫bng
|broqueta dol莽a japonesa|dango|dol莽|japon猫s|postres
|cresta japonesa|cresta xinesa|empanada|gyza|jiaozi|pierogui
|fortuna|futur|galeta de la sort|profecia|sort
ァ|bastonets|emportar|envs|menjar a domicili|menjar per emportar|menjar xin猫s|paper
|cncer|cranc|hor貌scop|zod铆ac
|animal|bisque|llagosta vermella|marisc|pinces|sopa de marisc
|crustaci|gamba|llagost铆|marisc|menjar
|animal|calamar|menjar|molusc
Κ|busseig|ostra|perla
|dol莽|gelat de mquina|mquina|menjar|postres|restaurant
|dol莽|gelat|granissat|picat|postres
|crema|dol莽|gelat|menjar|postres|restaurant
|dol莽|d貌nut|menjar|postres|rosquilla
|dol莽|galeta de xocolata|postres|xocolata
|aniversari|celebraci贸|dol莽|past铆s daniversari|per molts anys|postres
|dol莽|massa|past铆s|porci贸 de past铆s|postres|tall
|cupcake|dol莽|fideus|fleca|forn|magdalena|postres|sucre
ェ|carn|coca|farcit|fruita|past铆s de carbassa|past铆s de poma|tros de past铆s
|dol莽|halloween|llaminera|rajola de xocolata|xocolata|xocolatina
|caramel|cries|dol莽|embolcall|halloween|llaminadura|llaminera|postres|restaurant
|caramel|confits|dol莽|llaminadura|menjar|pal|piruleta|postres|restaurant
|crema|dol莽|flam|postres|p煤ding
|mel|menjar|os|pot de mel
|beb猫s|beguda|beure|biber贸|llet|nad贸|nadons|naixement|nascuda|nascut
|beguda|beure|got de llet|llet
|beguda|menjar|tetera
|beguda|beure|oolong|tassa de te amb nansa|te
|ampolla|bar|beguda|got|restaurant|sake
|ampolla amb tap de suro destapat|ampolla de cava|bar|beguda|cava|destapar|suro|tap
|alcohol|bar|beguda|begudes|copa de vi|restaurant|vi
|alcohol|bar|beguda|begudes|beure|club|c貌ctel|copa de c貌ctel|martini
|alcohol|bar|beguda|begut|club|c貌ctel|copa|festa|mai tai|tr貌pic|tropical
|alcohol|alemanya|bar|cervesa destiu|gerra de cervesa|oktoberfest|pinta|tanc de cervesa
|alcohol|bar|beguda|begudes|brindar|brindis amb gerra de cervesa|cervesa|gerra|salut
|beguda|beure|brindis|cava|celebrar|copes|tritlleig|xampany|xin-xin
|beguda|copeta|got de licor|licor|whisky escoc猫s
|abocar|accident|aigua|beguda|buit|got que aboca un l铆quid|rajar|vaja|vessar
イ|aigua|beguda|canya|got amb canya|refresc|suc
|bombolla|llet|menjar|perla|taiwan|te amb bombolles
|beguda|bric de suc|dol莽|palla|suc
|beguda|beure|mate
|fred|gel|gla莽贸|iceberg
ア|bastonets xinesos|oriental|xin猫s
斤|cuina|forquilla, ganivet i plat|ganivet i plat|menjar|plat|sopar
|afamada|afamat|alimentar-se|cobert|delici贸s|dinar|esmorzar|forquilla i ganivet|ganivet|menjar|restaurant|sopar
|cobert|cullera|menjar
|arma|cuina|eina|ganivet de cuina|ganivet japon猫s|xef
|buit|condiment|contenidor|emmagatzemar|pot|res|salsa|vidre
|mfora|aquari|beguda|cuina|eina|gerra|zod铆ac
|frica|bola del m贸n|europa|globus terraq眉i amb europa i frica|m贸n|terra
|am猫rica|bola del m贸n|globus terraq眉i amb am猫rica|m贸n|terra
|sia|austrlia|bola del m贸n|globus terraq眉i amb sia i austrlia|m贸n|terra
|bola del m贸n|globus terraq眉i amb meridians|meridians|m贸n|terra|xarxa dabast mundial
猴|mapa del m贸n|m贸n
|jap贸|mapa del jap贸
Л|br煤ixola|direcci贸|magn猫tica|navegaci贸|orientaci贸
锔|fred|muntanya amb neu al cim|muntanya nevada|neu
帮|muntanya
|erupci贸|muntanya|natura|volc
|fuji|mont|muntanya|natura
锔|acampada|campament|cmping
锔|para-sol|platja amb para-sol
锔|desert|des猫rtic
锔|deserta|illa
锔|nacional|parc
锔|estadi
锔|clssic|edifici
锔|construcci贸 dedificis|edificis|grua|obra
П|fang|ma贸|morter|mur|paret|totxana|totxanes|totxos
|c貌dol|dura|pedra|penyal|pesada|pesat|roca|s貌lid
|fusta|llenya|tronc
|cabana|casa rodona|iurta|refugi
锔|casa|cases|edifici
锔|abandonada|casa en ru茂nes|ru茂nes
|afores|casa de camp|casa senzilla|edifici|instal路lar-se|llar|on 茅s el cor|ranxo|suburb|suburbana
|afores|casa amb jard铆|casa de camp|casa senzilla|edifici|jard铆|on 茅s el cor|suburb|suburbana
|ciutat|c煤bic|edifici doficines|feina
|correus|edifici|japon猫s|oficina de correus japonesa
|correus|europea|oficina de correus europea
|cl铆nica|doctora|edifici|hospital|medicina|metgessa|salut
|banc|edifici
|edifici|hotel
|cites|edifici|hotel de cites
|24 hores|botiga a labast|botiga de conveni猫ncia|edifici
|edifici|escola
|botiga|centre comercial|edifici|magatzem
|edifici|fbrica
|castell|edifici|japon猫s
|castell|construcci贸|edifici|europeu
|amor|capella|casament|noces
|t貌quio|torre de t貌quio
|esttua de la llibertat|llibertat|nova york|ny
|benedicci贸|beneir|capella|creu|cristi|edifici|esgl茅sia|religi贸
|islam|mesquita|musulm|musulmana|religi贸
|hind煤|hinduisme|temple
|judaisme|jueu|jueva|religi贸|sinagoga|temple
╋|religi贸|santuari|temple|xintoista
|islam|kaba|musulm|religi贸
|font
|acampada|campament|cmping|tenda de campanya
|boira|brom贸s|bromosa|paisatge emboirat
|estel|estrella|estrelles|nit estelada|nit estrellada
锔|ciutat|paisatge|urb
|alba sobre les muntanyes|mat铆|muntanya|muntanyes|sol|sortida del sol
|alba|mat铆|sol|sortida del sol|temps
|ciutat|crepuscle|edifici|ocs|paisatge urb al vespre|posta de sol|vespre
|ciutat|crepuscle|edifici|ocs|posta de sol|sol
|nit|pont de nit
|atraccions|cavallets|entreteniment
|divertit|jugar|lliscar|parc|togoban
|fira|parc datraccions|roda de fira
|atraccions|muntanya russa|parc datraccions
|afaitada|barberia|pal de barberia|tallada de cabells
|carpa de circ|circ
|ferrocarril|locomotora|motor|trens|vag贸 de cua|vapor|vehicle|viatge
|el猫ctric|ferrocarril|tramvia|transport|tren el猫ctric|troleib煤s|vag贸 de tren el猫ctric|viatge
|alta velocitat|ferrocarril|shinkansen|tren dalta velocitat|velocitat|via del tren
|alta velocitat|bala|ferrocarril|shinkansen|tren|velocitat|via del tren|viatge
|arribada|arribat|ferrocarril|tren|vehicle|via del tren|xuc-xuc
|metro|transport|t煤nel|vehicle|viatge
|arribada|arribat|ferrocarril lleuger|metro lleuger|monorail|tren lleuger|vehicle
|estaci贸|ferrocarril|tren|vehicle|vies
|tramvia|transport|tr貌lei|troleib煤s|vehicle
|monocarril|monorail|vehicle
|ferrocarril de muntanya|muntanya|vag贸|viatge
|autob煤s|tramvia|troleib煤s|vag贸 de tramvia
|autob煤s|bus|vehicle
|autob煤s de cara|autob煤s que arriba|bus de cara|proper
|autob煤s|bus|tramvia|tr貌lei|troleib煤s
|autob煤s|bus|conduir|furgoneta|microb煤s|minib煤s|vehicle
|ambulncia|emerg猫ncia|urg猫ncia|vehicle
|bombers|cami贸 de bombers|cotxe de bombers|motor
|cotxe de policia|policia|policies
|arribant|cotxe de policia de cara|cotxe de policia que arriba|policia|proper
|conduir|taxi groc|transport|vehicle
|aturar un taxi|cotxes|proper|taxi de cara|taxi groc|taxi que arriba
|autom貌bil|conducci贸|cotxe|vehicle
|arribant|autom貌bil de cara|autom貌bil que arriba|cotxes|proper
|conduir|cotxe|recreatiu|tot cam铆|totterreny|vehicle tot cam铆|vehicle tot terreny
|camioneta|descoberta|pickup|transport
|cami贸 de repartiment|conduir|cotxe|repartiment|vehicle
|articulat|cami贸|conduir|cotxe|moure|semiremolc|vehicle
|agricultura|tractor|vehicle
锔|carreres|cotxe de curses|curses|f贸rmula 1
锔|curses|motocicleta
|esc煤ter|motocicleta|transport
|accessibilitat|cadira de rodes manual
|accessibilitat|cadira de rodes el猫ctrica|cadira de rodes motoritzada
|bicitaxi amb motor|rickshaw
|anar amb bicicleta|bicicleta|ciclisme de sala|ciclista|vehicle
|patinet|transport
|monopat铆|pat铆|patinadora|rodes
|esport|pat铆 de rodes|rodes
|autob煤s|bus|parada dautob煤s|parada de bus
ｏ|autopista|autovia|carretera
わ|ferrocarril|tren|via de tren
锔|barril de petroli|bid贸 de petroli|petroli
|assortidor de gasolina|benzina|benzinera|combustible|gasolina
|cercle|cotxe|girar|pneumtic|rodar|vehicle
|alarma|alerta|cotxe|emerg猫ncia|girant|llum de cotxe de policia|policia|sirena
|horitzontal|intersecci贸|semfor|senyal|trnsit
|conducci贸|intersecci贸|semfor|senyal|trnsit|vertical
|detenci贸|estop|octogonal|senyal destop|senyal de detenci贸 obligat貌ria|stop
|barrera|construcci贸|obres|tanca
|boia|c猫rcol|flotador|nedar|rescat|salvament|salvavides|seguretat
|iot|mar|vaixell|vehicle|vela|veler
|barca|caiac|canoa|kayak|nau
|barca|estiu|llac|llanxa|luxe|milionari|milionria|rpida|viatge
筹|passatgers|vaixell de passatgers
达|ferri|passatger|vaixell de passatgers
ワ|llanxa de motor|motor|vaixell
|mar|passatgers|riu|titnic|vaixell|vehicle|viatge
╋|aeropl|avi贸|avioneta|vehicle|vol
|avi贸|enlairament davi贸|facturaci贸|sortida davi贸|sortides|vehicle
|arribada davi贸|arribades|arribant|aterratge davi贸|avi贸|vehicle
|ala delta|fer paracaigudisme|paracaigudes|paracaigudisme|paracaigudista|parapent
|cadira|seient
|helic貌pter|vehicle|viatge
|ferrocarril de suspensi贸|suspensi贸|tramvia elevat|vehicle
|muntanya|telecabina|telecadira|telef猫ric de muntanya
|aeri|cabina|telecabina|telef猫ric|tramvia|vehicle
帮|espacial|espai|sat猫l路lit|vehicle
|coets|espacial|espai|llan莽ament|llan莽ar|vehicle|viatge
|extraterrestres|objecte volador no identificat|ovni|plat volador|ufo
锔|grum|hotel|recepci贸|timbre del grum
С|bossa de viatge amb rodes|equipatge|fer la maleta|maleta amb rodes|viatge|viatjar
|rellotge darena|rellotge de sorra|sorra|temporitzador
|ampolleta|hores|nom茅s es viu una vegada|rellotge amb sorra que cau|rellotge darena que cau|rellotge de sorra|sorra|temporitzador
|hora|rellotge
|alarma|despertador|espera|hora|hores|rellotge|retard|tard
憋|cron貌metre|hora|rellotge
诧|rellotge|temporitzador
帮|hora|rellotge de sobretaula|rellotge de taula|taula
|00.00|12.00|dotze|en punt|hora|les dotze en punt|rellotge
|00.30|12.30|dos quarts duna|hora|rellotge
|1.00|13.00|en punt|hora|la una en punt|rellotge
|1.30|13.30|dos quarts de dues|hora|rellotge|una
|14.00|2.00|dues|en punt|hora|les dues en punt|rellotge
|14.30|2.30|dos quarts de tres|dues|hora|rellotge|tres
|15.00|3.00|en punt|hora|les tres en punt|rellotge|tres
|15.30|3.30|dos quarts de quatre|hora|rellotge
|16.00|4|en punt|hora|les quatre en punt|quatre|rellotge
|16.30|4.30|dos quarts de cinc|hora|rellotge
|17.00|5.00|cinc|en punt|hora|les cinc en punt|rellotge
|17.30|5.30|dos quarts de sis|hora|rellotge
|18.00|6.00|en punt|les sis en punt|rellotge|sis
|18.30|6.30|dos quarts de set|hora|rellotge
|19.00|7.00|en punt|hora|les set en punt|rellotge|set
|19.30|7.30|dos quarts de vuit|hora|rellotge
|20.00|8|en punt|hora|les vuit en punt|rellotge|vuit
|20.30|8.30|dos quarts de nou|hora|rellotge
|21.00|9.00|en punt|hora|les nou en punt|nou|rellotge
|21.30|9.30|dos quarts de deu|hora|rellotge
|10.00|22.00|deu|en punt|hora|les deu en punt|rellotge
|10.30|22.30|dos quarts donze|hora|rellotge
|11.00|23|en punt|hora|les onze en punt|onze|rellotge
|11.30|23.30|dos quarts de dotze|hora|rellotge
|fosca|lluna|nova
|creixent|espai|lluna en quart creixent|quart|somnis
|creixent|espai|lluna en el primer quart creixent|quart
|creixent|espai|gibosa|lluna
|espai|lluna|plena
|espai|gibosa|lluna|minvant
|espai|lluna en l煤ltim quart minvant|lluna en quart minvant|minvant|quart
|espai|lluna|minvant
|creixent|espai|lluna|ramad
|cara de lluna nova|espai|lluna nova
|cara|creixent|espai|lluna en el primer quart amb cara|quart
|cara|fase lunar|lluna en l煤ltim quart amb cara|lluna en quart minvant amb cara|lluna minvant amb cara|minvant|quart|somnis
★|temperatura|temps|term貌metre
|brillant|cara|lluna plena amb cara|plena
|assolellat|calor|cara|clar|dia|llum del sol|sol amb cara|temps
|planeta amb anells|saturn铆|saturni|saturniana
猸|astronomia|estels|estrella mitjana blanca|estrelles
|brillantor|brillar|centellejar|espurna|estrella|nit|vict貌ria
|cel|espai|estel|estrella|fuga莽|pluja destels
|espai|temps|via lctia
|ennuvolat|n煤vol|sol darrere un n煤vol|temps
锔|llamp|n煤vol amb llamp i pluja|pluja|temps|tronada
わ|n煤vol petit|sol darrere dun n煤vol petit|temps
ワ|n煤vol gran|sol darrere dun n煤vol gran|temps
锔|n煤vol|pluja|sol darrere dun n煤vol amb pluja|temps
э|n煤vol amb pluja|pluja|temps
锔|fred|neu|n煤vol amb neu|temps
╋|llamp|n煤vol amb llamp|temps
锔|n煤vol|remol铆 de vent|temps|tornado
锔|boira|n煤vol|temps
锔|bufar|cara de vent|n煤vol|vent
|cicl贸|mareig|marejada|marejat|remol铆|temps|tif贸|tornado
|arc de sant mart铆|bisexual|gai|g猫nere no-binari|lgbtia|lgbtq|natura|orgull|pluja|queer|sant mart铆|temps|transg猫nere|transsexual
|paraigua|pluja|tancat
憋|para-sol a la sorra|pluja|sol|sorra
|alta tensi贸|el猫ctrica|electricitat|fulminar|llampec|natura|perill|tensi贸|tro|voltatge
|fred|neu|ninot de neu sense neu
|calenta|cremar|eina|enc猫s|encesa|flama|foc|genial
|aigua|c貌mic|fred|gota|llgrima|natura|suor|temps|trista
|aigua|mar|natura|oce|onada|surfista
|carabassa de halloween|carbassa|celebraci贸|halloween|llanterna
|arbre de nadal|celebraci贸|nadal
|bum|celebraci贸|entreteniment|focs artificials|focs dartifici|nom茅s es viu una vegada
|bengala|bum|celebraci贸|espurna|focs artificials|pirot猫cnia
Ж|dinamita|espurna|explosiu|focs dartifici|llum|petard
|aniversari|celebraci贸|celebrar|globus
|celebraci贸|confeti|emocionada|emocionat|festa|genial|hurra!|tatxam|tub de confeti|visca!
|bola de confeti|celebraci贸|celebrar|confeti|festa
|arbre dels desitjos|celebraci贸|desitjos|japon猫s|pancarta|tanabata
|bamb煤|celebraci贸|decoraci贸 de pi|japon猫s|pi
|celebraci贸|festival|nines japoneses
|banderins de carpes|carpa|carpes|celebraci贸
|campaneta de vent|celebraci贸|vent
|celebraci贸|cerim貌nia de la lluna|lluna
Ё|bona sort|diners|h贸ngbo|lai see|regal|sobre vermell
|celebraci贸|cinta|lla莽
|aniversari|caixa|celebraci贸|embolicat|lla莽|nadal|regal|sorpresa
锔|celebraci贸|cinta|commemorar|lla莽 commemoratiu
锔|acc茅s|admissi贸|bitllet dentrada|bitllets dentrada|entrada
|admissi贸|entrada|resguard|tiquet
锔|celebraci贸|medalla|militar|premi
|campi贸|campiona|esport|guanyar|premi|trofeu|vict貌ria
|esport|guanyadora|medalla|or|premi
|medalla dor|or|posici贸|primer
|argent|medalla de plata|plata|posici贸|segon
|bronze|medalla de bronze|posici贸|tercer
|esport|futbol|pilota de futbol
|beisbol|esport|pilota de beisbol
|esports|guant|m baixa|pilota|softbol
|bsquet|cistella|esport|pilota de bsquet
|bola|joc|partit|pilota de voleibol|voleibol
|americ|esport|futbol americ|pilota de futbol americ|super bowl
|esport|pilota de rugbi|rugbi
|pilota|raqueta i pilota de tennis|tenis|tennis
|disc volador|esport|frisbee|plat a gol|plat volador|ultimate
|bitlles|bola|esport|joc de bitlles|ple
|bat|bola|criquet|joc|partit
|estic|herba|hoquei sobre herba|joc|pilota
|disc|estic|gel|hoquei sobre gel|joc
|esports|estic|gol|lacrosse|pilota
|joc|ping-pong|raqueta|tenis de taula|tennis de taula
|bdminton|joc|partit|raqueta|volant
|boxa|esport|guant de boxa
|arts marcials|judo|karate|quimono|taekwondo|uniforme
|esport|gol|porteria|xarxa
|bander铆 al forat|esport|forat|golf
革|gel|pat铆|patinar sobre gel|patinatge sobre gel|patins
|canya de pescar|entreteniment|esport|peix|pescar
た|busseig|immersi贸 lleugera|submarinisme amb tub|ulleres de busseig
|atletisme|banda|c贸rrer|samarreta per c贸rrer
|esport|esquiar|esqu铆s|neu
|lliscar|neu|trineu
|esport|gel|joc|pedra de c煤rling
|dards|diana|entreteniment|joc|punteria
|fluctuar|io-io|joguina
|enlairar-se|estel|fer volar|grua|volar
|arma de foc|eina|pistola daigua|rev貌lver
|8|billar|bola 8 de billar|bola de billar|bola negra de billar|joc|vuit
|bola de vidre|conte de fades|fantasia|fortuna|futur|mgia|sort|vidre
|bruixa|bruixot|mgia|vareta mgica
|comandament|consola|entreteniment|joc|videoconsola
癸|control|joystick|palanca de control|videojoc
|apostar|apostes|atzar|casino|escurabutxaques|joc|mquina escurabutxaques
|daus|entreteniment|joc de daus
З|encaixar|pe莽a|peces de trencaclosques|pista|puzle|trencaclosques
Ц|joc|joguina|os de peluix|pelfa|peluix
|caramels|celebraci贸|festa|mexic|pinyata
|ballar|bola de miralls|brillant|discoteca|festa
|matrioixca|nina|nines russes|russa
锔|escacs|pe贸|prescindible|sacrificable
|carta|cartes|comod铆|joc|partida
|drac|joc|mahjong|vermell
|cartes de flors|cartes de les flors|flors|hanafuda|japon猫s|joc
|actor dramtic|actriu dramtica|arts interpretatives|entreteniment|interpretaci贸|mscara|shakespeare|teatre
硷|art|marc amb quadre|museu|pintura|quadre emmarcat
|artista|art铆stica|creatiu|creativa|entreteniment|museu|paleta dartista|pintora|pintura
У|bobina|cordill|cosir|enfilar|fil|rodet
|agulla de cosir|brodat|cosir|costura|fil|modista|puntada|sutura
Ф|bola|cabdell|ganxet|llana|mitja
|bramant|corda|nus
|complements|roba|ulleres|vestuari
讹|fosques|sol|ulleres de sol
ソ|busseig|nataci贸|protecci贸 dels ulls|protecci贸 ocular|soldadura|submarinisme|ulleres de piscina
ゼ|bata blanca|bata de laboratori|cient铆fic|doctor|dr.|experiment|roba
|armilla de seguretat|armilla salvavides|emerg猫ncia|seguretat
|camisa|corbata|empleat|roba|seri贸s
|camiseta|cap de setmana|coll|compres|informal|roba|samarreta|verd|vestit
|cap de setmana|compres|informal|pantal贸|pantalons|roba texana|texans
В|abrigar-se|bufanda|coll|fred
Г|guants|m
Д|abric|abrigar-se|brrr|fred|jaqueta
Е|mitges|mitja|mitj贸|mitjons
|compres|elegant|roba|ropa|vestida|vestit
|c貌moda|c貌mode|japon猫s|quimono|roba|vestit
セ|pe莽a de roba|roba|sari|vestit
┍|banyador|vestit de bany duna pe莽a
┎|banyador|eslip|roba interior|una pe莽a|vestit de bany
┏|banyador|pantal贸|pantalons curts|roba interior|vestit de bany
|banyador|biquini|nedar|piscina|platja|roba|vestit de bany
|brusa|camisa|coll|compres|dona|roba de dona|senyora|vestimenta
|aire|calor|dansa|vano|ventall|ventar|vergonya
|accessori|bossa de m|compres|luxe|moneda|moneder|roba|vestimenta
|accessori|bossa de m|compres|roba|senyora
|accessori|bossa de m|roba|vestimenta
锔|bossa|bosses de compres|compra|equipatge|hotel
|bossa|educaci贸|escola|motxilla descola
┐|xancleta de dit|xancleta de platja
|cal莽at|compres|home|marr贸|peus|roba|sabata dhome|sabates
|bambes|cal莽at esportiu|compres|c贸rrer|rpid|sabatilla de c贸rrer|sabatilles
ゾ|a laire lliure|acampada|bota de muntanya|cmping|excursionisme|sabata marr贸|senderisme|trekking|tresc|viatjar amb motxilla
タ|ballarina|cal莽at|c貌mode|sabata plana|sabatilla|xinel路la
|cal莽at|compres|dona|moda|sabata de tal贸|sabates de tal贸 dagulla|sabates de talons alts|tal贸|vestit
|cal莽at|dona|sandlia de dona
┌|ballet|dansa|sabatilles de ballet
|bota de dona|botina amb tal贸|cal莽at|compres|dona|roba|sabata|sabates|vestimenta
|afro|cabell|pin莽a|pinta|recollir
|cap|complement|corona|fam铆lia reial|reialesa|reina|roba|vict貌ria
|accessori|barret de dona|barrets|dona|festa al jard铆|roba
|barret de copa|copa|formal|luxe|mgia|roba|sofisticat
|acad猫mica|barret de graduaci贸|birret|celebraci贸|educaci贸|graduaci贸
Б|beisbol|gorra amb la visera corbada|gorra amb visera|gorra de beisbol|visera
|casc|ex猫rcit|guerrer|militar|soldat
锔|ajuda|cara|casc amb creu blanca|casc de rescatadora|creu blanca|emerg猫ncia|urg猫ncia
|collaret|granadura|oraci贸|religi贸|rosari
|cita|cosm猫tics|maquillatge|pintallavis
|anell|brillant|casada|casament|casat|comprom铆s|diamant|prom猫s|promesa
|aventura amorosa|casament|comprom铆s|diamant|diners|gemma|joia
|altaveu desactivat|silenciar|silenciat|so
|altaveu amb el volum baix|baix|so|volum suau
|altaveu amb el volum mitj|mitj|so|volum mitj
|altaveu amb el volum alt|fort|m煤sica|so|volum fort
|altaveu de megafonia|comunicaci贸|megafonia|so
|animaci贸|animar|aplaudiments|megfon|so
|corn de posta|corn de postill贸|corneta de posta|corneta de postill贸|correus|posta|s铆mbol de correus|trompa
|campana|descans|esgl茅sia|so|timbre
|campana ratllada|campana silenciada|no|prohibit|silenci|so
|m煤sica|nota|partitura|pentagrama
|m煤sica|nota musical|so
|m煤sica|nota|notes musicals|so
锔|estudi|micr貌fon destudi|m煤sica
锔|control lliscant de nivell|m煤sica|nivell
锔|botons de control|control|m煤sica
|cantar|karaoke|micr貌fon|m煤sica|so
|auriculars|so
|entreteniment|rdio
|instrument|m煤sica|saxofon|sax貌fon
|acordi贸|concertina|instrument|m煤sica
|corda|guitarra|instrument|m煤sica|rock|stratocaster
|instrument|m煤sica|piano|teclat musical
|instrument|m煤sica|trompeta|vent
|corda|instrument|m煤sica|viol铆
|banjo|corda|de corda|m煤sica
|baquetes|m煤sica|tambor|timbal
|conga|instrument|percussi贸|ritme|timbal
|ball|diversi贸|festa|instrument|maraques|m煤sica|percussi贸|ritme|sacsejar|sonall
|flauta dol莽a|flautista|instrument de vent de fusta|m煤sica|orquestra|vent
|comunicaci贸|m貌bil|tel猫fon
|comunicaci贸|fletxa|m貌bil|rebre|tel猫fon m貌bil amb fletxa|trucar
锔|tel猫fon
|auricular de tel猫fon|comunicaci贸|tel猫fon|voip
|buscapersones|cercapersones|comunicaci贸
|comunicaci贸|fax
|bateria|crrega
|bateria baixa|electr貌nica|esgotada|poca bateria
|connexi贸|el猫ctric|electricitat|endoll
|equip|oficina|ordinador porttil|pc|personal|porttil
ワ|equip|escriptori|monitor|ordinador descriptori|ordinador de sobretaula|pc
锔|impressora|ordinador
憋|ordinador|ratol铆 dordinador
诧|ordinador|pc|ratol铆 de bola
|disc de pc|equip|minidisc|貌ptic|pc
|desar|disc|disquet|equip|ordinador|pc
|cd|disc|dvd|equip|貌ptic|ordinador|pc
|blu-ray|cd|disc|dvd|equip|貌ptic|ordinador|pc
М|bac|clcul|calculadora
|bollywood|cmera cinematogrfica|cinema|enregistrar|hollywood|pel路l铆cula
锔|cinema|fotograma de pel路l铆cula|fotogrames|pel路l铆cula
斤|cinema|pel路l铆cula|projector cinematogrfic|v铆deo
|acci贸|cinema|claqueta|pel路l铆cula
|televisi贸|televisor|tv|v铆deo
|autofoto|cmera|foto|instagram|instantnia|viatge|v铆deo
|cmera amb flaix|flaix|v铆deo
|cmera de v铆deo|v铆deo|videocmera
|antiga|cinta|vhs|v铆deo|videocasset
|augment|buscar|ci猫ncia|eina|esquerra|laboratori|lent daugment cap a lesquerra|lupa cap a lesquerra|recerca
|augment|buscar|ci猫ncia|contacte|dreta|eina|laboratori|lent daugment cap a la dreta|lupa cap a la dreta
锔|cera|espelma|flama|llum
|bombeta|c貌mic|electricitat|idea|llum
|eina|el猫ctrica|electricitat|llanterna|llum
|bar|fanal de paper vermell|fanalet|japon猫s|llum|paper|restaurant|vermell
|ble|bricolatge|lmpada doli|llntia doli|llum doli|oli
|coberta decorativa|educaci贸|escola|escriptura|llibreta|quadern amb coberta decorativa
|educaci贸|llibre|tancat
|biblioteca|coneixement|educaci贸|fantasia|lectura|llibre|novel路les|obert
|biblioteca|educaci贸|fantasia|lectura|llibre|verd
|biblioteca|blau|educaci贸|fantasia|lectura|llibre
|biblioteca|educaci贸|fantasia|lectura|llibre|taronja
|biblioteca|coneixement|educaci贸|escola|estudi|fantasia|lectura|llibres|novel路les
|llibreta|quadern
|comptabilitat|llibre de comptabilitat
|cargolada|document|pgina que es cargola
|escriptura|paper|pell|pergam铆
|amunt|document|pgina cap amunt
|comunicaci贸|diari|not铆cies
锔|diari|enrotllat|not铆cies
|fitxa|marcadors|punt de llibre|punts de llibre
|marcador|punt de llibre
凤|etiqueta
|banc|bossa de diners|cost|diners|d貌lar|efectiu|rica
|diners|d貌lar|euro|metall|moneda|or|plata|ric|tresor
|banc|bitllets de ien|diners|divisa|ien|moneda|signe
|banc|bitllet de d貌lar|bitllets de d貌lar|divisa|d貌lar|moneda|signe
|bitllets deuro|euro|signe
|banc|bitllets de lliura|diners|divisa|efectiu|lliura|lliures|milions|moneda|signe
|ales|banc|bili贸|bitllet|diners amb ales|efectiu|mili贸|pagar|volar
|banc|crrec|cobrar|cr猫dit|diners|efectiu|pagar|targeta de cr猫dit
Ь|comptabilitat|factura|llibres|prova|rebut|tiquet
|augment|cap amunt|creixement|grfic daugment amb el signe del ien|ien|mercat|moneda|signe|tend猫ncia
|carta|correu|electr貌nic|mail
|carta|correu electr貌nic|entrada|enviant|enviat|rebre|recepci贸|sobre que arriba
|avall|comunicaci贸|correu electr貌nic|enviar|enviat|fletxa|sobre amb fletxa|sortint
|b煤stia|carta|correu electr貌nic|enviats|safata de sortida|sortida
|b煤stia|carta|correu electr貌nic|entrada|rebre|safata dentrada a zero
|caixa|comunicaci贸|enviament|lliurament|paquet|repartiment
|bandera aixecada|b煤stia tancada amb la bandera aixecada|comunicaci贸|correu|tancada
|abaixada|bandera abaixada|b煤stia tancada amb la bandera abaixada|correu|tancada
|bandera aixecada|b煤stia oberta amb la bandera aixecada|b煤stia plena amb la bandera aixecada|correu|oberta
|abaixada|bandera abaixada|b煤stia oberta amb la bandera abaixada|correu|oberta
|b煤stia|carta|correu
筹|papereta|urna amb papereta|urna amb vot|votaci贸
锔|llapis
锔|estilogrfica|ploma
锔|bol铆graf
锔|brotxa|pintar|pintura|pinzell
锔|color|llapis de color
|comunicaci贸|llapis|mitj|nota|notes
|malet铆|oficina
|arxius|carpeta darxius|carpeta de fitxers|fitxers
|arxius|carpeta darxius oberta|carpeta de fitxers oberta|fitxers|oberta
锔|organitzador|separadors per a organitzador de targetes|targeta|targetes
|calendari|data
|bloc|calendari de bloc
锔|bloc de notes despiral|espiral|notes
锔|bloc|calendari despiral|espiral
|fitxer rotatiu|organitzador de targetes|targetes|vella escola
|a lal莽a|amunt i cap a la dreta|augment|cap amunt|creixement|dades|grfic daugment|tend猫ncia
|a la baixa|cap avall|dades|descendent|disminuci贸|grfic de disminuci贸|negatiu|tend猫ncia
|barres|dades|grfic de barres
|clip|llista de tasques pendents|notes|petjapapers|porta-retalls
|agulla|collage|xinxeta
|mapa|rodona|ubicaci贸|xinxeta
|clip
锔|clips|enganxats
|angle|matemtiques|recte|regle de vora recta
|angle|cartab贸|esquadra|matemtiques|regle de clcul|triangle
锔|arxiu|arxivador de targetes|caixa|dossier|targeta
锔|armari|arxivador|dossier|moble
锔|cubell|paperera
|cadenat|privat|tancar|tancat
|cadenat|obert|obrir|tancar
|cadenat amb ploma|cadenat tancat|ploma|privacitat|privadesa|tinta
|bloqueig|cadenat tancat amb clau|clau|segur|tancat
|bloqueig|bloquejar|clau important|claus|contrasenya|desbloqueig|desbloquejar
锔|antiga|clau|pany|tancar
|eina|martell|reforma de la llar|reparacions
|clivellar|cop de destral|destral|llenya|tallar
锔|eina|martell|mineria|pic
锔|clau anglesa|eina|martell i clau anglesa
★|arma|daga|ganivet
|bomba|bum|calenta|c貌mic|explosi贸|perill贸s|perillosa
|aborigen|arma|austrlia|bumerang|rebot|repercussi贸
|arc i fletxa|arquera|eina|fletxa|sagitari|tir amb arc|zod铆ac
★|arma|escut
|eina|fuster|llenyataire|serra|tallar|xerrac
|clau|eina|fixa|reforma de la llar
|eina|punta plana|tornav铆s|煤til|vis
|cargol i femella|eina|femella|reforma de la llar
锔|cargol daplacar|cargol destr猫nyer|cargol de banc|compressi贸|eina|serjant
Ο|accessibilitat|bast贸 per a invidents|cec|cega|invident
|anella|anelles|baula|cadena|enlla莽ar
锔|baula|cadena trencada|llibertat|malb茅|manilla|trencar
锔|cadena|cadenes
|atrapar|corba|ganxo|ham|pescar|punt de venda
О|caixa deines|caixa vermella|eines|mecnic
Р|atracci贸|ferradura|forma du|imant|magn猫tic|positiu negatiu
|escala de m|esgla贸|gra贸|pujar
И|ci猫ncia|experiment|laboratori|qu铆mica|tub dassaig
Й|bacteri|bi貌leg|bi貌loga|biologia|cultiu|laboratori|placa de cultiu|placa de petri
К|adn|bi貌leg|bi貌loga|evoluci贸|gen猫tica|vida
|augment|ci猫ncia|eina|laboratori|microscopi
|augment|ci猫ncia|contacte|eina|extraterrestre|instrument|telescopi
|antena de sat猫l路lit|ci猫ncia|contacte|extraterrestres|plat|sat猫l路lit
|agulla|doctora|injecci贸 contra la grip|instrument m猫dic|malalta|medicina|metge|vacunaci贸|xeringa
└|donaci贸 de sang|ferida|gota de sang|lesi贸|medicina|menstruaci贸|sagnar
|malalta|medicada|medicaments|medicat|medicina|metge|pastilla|p铆ndola|p铆ndoles|vitamina
┕|bena adhesiva|tireta
┘|ajuda a la mobilitat|bast贸|crossa|discapacitat|lesi贸
┖|cor|doctor|estetoscopi|medicina
┗|diagn貌stic|esquelet|medicina|ossos|radiografia
|armari|porta del darrere|porta principal
|accessibilitat|ascensor|muntacrregues
|espill|maquillatge|mirall|reflector|reflex
|aire fresc|finestra|marc|obertura|transparent|vista
锔|dormir|hotel|llit
锔|hotel|lmpada|llum|sof i lmpada|sof i llum
|cadira|seient|seure
|bany|inodor|lavabo|tassa|vter
|desembossador|emb贸s|lampista|lavabo|succi贸
|aigua|dutxa
|banyera
|atreure|formatge|parany|rata|ratera|ratol铆|trampa
|afaitada|afaitar-se|afilada|esmolada|maquineta dafaitar|navalla dafaitar
Т|ampolla de crema|crema hidratant|loci贸|protecci贸 solar|suavitzant|xamp煤
Х|imperdible|punk rock
Ч|bruixa|escombrar|netejar
Ш|bugada|cistella|cultiu|granja|p铆cnic
Щ|paper de vter|paper higi猫nic|rotlle de paper|tovalloleta de paper|tovalloletes de paper
|cubell|galleda
Ъ|bany|bombolles|ensabonar-se|higiene|neta|netejar|pastilla|sab贸|sabonera
|bombolla|bombolles|flotant|net|perla|sab贸|subaqutic|submar铆
|dental|dents|higiene|lavabo|raspall de dents|rentar
Ы|absorbent|absorbir|amarar|esponja|netejar|porosa
Н|apagar|extingir|extintor|foc
|carret贸|compra
|cigarreta|fumar
帮|mort|ta眉t|vampir
|cementiri|lpida|rip|tomba
憋|cendres|funeral|incineraci贸|incinerar|mort|urna funerria
Э|amulet|blau|nazar|pedra del mal dull|talism
|amulet|fortuna|guia|hamsa|m de ftima|m de m铆riam|palmell|protecci贸
|cara de pedra|esttua|moai|viatge
|cartell|manifestaci贸|pancarta|placa|protesta|senyal|targeta
|carnet|credencials|document|identificaci贸|seguretat|targeta didentificaci贸
|atm|automtic|banc|caixer|diners|efectiu|signe
|brossa|escombraries|llen莽ar|paperera|senyal|signe
|aigua|aixeta|got|potable|vas
|acc茅s|accessible|cadira|discapacitat|rodes|s铆mbol
|homes|lavabo|servei|wc
|dones|lavabo|servei|wc
|lavabos|servei|tocador|wc
|beb猫|canviador per a nadons|canviar|nad贸|s铆mbol de beb猫|s铆mbol de nad贸
|bany|lavabo|servei|vter|wc
|control de passaports|passaport
|duana|equipatge
|arribada|avi贸|bosses|equipatges|facturat|maleta|recollida dequipatges|trajecte|viatge|viatjar
|armari|consigna|equipatge|maleta|maletes|servei de consigna
锔|advert猫ncia|advertiment|alerta|av铆s|cautela|precauci贸
|creuant|nens que creuen|trnsit|vianant
|direcci贸 prohibida|entrada|no passeu|prohibici贸|prohibit entrar|trnsit
|acc茅s|entrada|fumar|no passeu|prohibici贸|prohibit
|bicicletes prohibides|bicis prohibides|prohibici贸
|fumar|no|prohibici贸|prohibit fumar
|brossa|llen莽ar|no|prohibici贸|prohibit llen莽ar brossa
|aigua no potable|no potable|prohibit
|no|prohibici贸|prohibit el pas als vianants|vianants
|m貌bil|no|prohibici贸|prohibit l煤s de tel猫fons m貌bils|prohibits els tel猫fons m貌bils|tel猫fons m貌bils
|18|divuit|menors dedat|ning煤 menor de divuit anys|no|prohibici贸|prohibit a menors dedat|prohibit a menors de 18 anys|prohibit a menors de divuit anys|restricci贸 dedat
猬锔|amunt|cardinal|direcci贸|fletxa cap amunt|nord|punt cardinal
★|cardinal|direcci贸|dreta|est|fletxa cap a la dreta|punt cardinal
猬锔|avall|cardinal|direcci贸|fletxa cap avall|punt cardinal|sud
猬锔|cardinal|direcci贸|esquerra|fletxa cap a lesquerra|oest|punt cardinal
╋|dreta|esquerra|fletxa dreta que gira cap a lesquerra|gir
锔|dreta|esquerra|fletxa esquerra que gira cap a la dreta|gir
|actualitzar|dreta|fletxa|fletxes que giren cap a la dreta|fletxes verticals en sentit horari|gir|tornar a carregar
|actualitzar|bot贸 de fletxes que giren cap a lesquerra|de nou|d茅j vu|esquerra|fletxa|fletxes en sentit antihorari|gir|rebobinar|sentit antihorari
|back|fletxa amb la paraula back|paraula
|end|fletxa amb la paraula end|paraula
|fletxa amb la paraula on!|on!|paraula
|aviat|de cam铆|fletxa amb la paraula soon|paraula|soon|torno aviat
|fletxa amb la paraula top|paraula|top
|culte|lloc de culte|oraci贸|religi贸
锔|atea|ateisme|ateu|tom|s铆mbol dtom
锔|hind煤|hinduisme|om|religi贸|s铆mbol dom
锔|daoisme|daoista|dif铆cil|religi贸|taoisme|taoista|total|vides|yin i yang|yin-yang
锔|creu llatina|cristi|cristiana|cristianisme|religi贸
锔|creixent lunar i estel|creixent lunar i estrella|islamisme|lluna creixent i estel|lluna creixent i estrella|musulm|ramad|religi贸
锔|curaci贸|curatiu|curativa|pac铆fica|pacifisme|pacifista|pau|s铆mbol de la pau
|canelobre de set bra莽os|judaisme|jueu|jueva|menor|religi贸|set bra莽os
|estrella de sis puntes amb punt|fortuna|judaisme|jueu|jueva|punt|sis puntes
|fe|khanda|religi贸|sikhisme
|bessons|g猫mini|hor貌scop|zod铆ac
|cncer|cranc|hor貌scop|zod铆ac
|hor貌scop|lle贸|zod铆ac
|hor貌scop|verge|virgo|zod铆ac
|balan莽a|bscula|hor貌scop|just铆cia|zod铆ac
|escorp铆|escorpi贸|hor貌scop|zod铆ac
|ofi眉c|portador|serpentari|zod铆ac
|aleat貌ria|bot贸 de reproducci贸 aleat貌ria|creuada|fletxa|reproducci贸
|bot贸 de repetici贸|fletxa|fletxes en sentit horari|repetici贸|sentit horari
|bot贸 de repetici贸 煤nica|fletxa|fletxes en sentit horari|repetici贸|sentit horari|una vegada|煤nica
讹|bot贸 de reproducci贸|dreta|fletxa cap a la dreta|reproducci贸|reproduir|triangle
|avan莽ar|bot贸 davan莽ar rpidament|doble|dues fletxes|fletxa|rpidament
锔|bot贸 de pista seg眉ent|escena seg眉ent|fletxa|pista|seg眉ent|triangle
锔|bot贸 de pausa o de reproducci贸|dreta|fletxa|pausa|posar en pausa|reproducci贸|reproduir|triangle
锔|bot贸 de retrocedir|esquerra|fletxa cap a lesquerra|retrocedir
|bot贸 de retrocedir rpidament|doble|dues fletxes|fletxa|rpidament|retrocedir
锔|anterior|bot贸 d煤ltima pista|bot贸 de pista anterior|escena anterior|fletxa|pista|triangle
|amunt|bot贸 danar amunt|bot贸 dapujar|fletxa|vermell
|amunt|bot贸 danar amunt rpidament|bot贸 dapujar rpidament|doble|dues fletxes|fletxa|rpidament
|abaixar|avall|bot贸 danar avall|fletxa|vermell
|avall|bot贸 dabaixar rpidament|bot贸 danar avall rpidament|doble|dues fletxes|fletxa|rpidament
革|bot贸 de pausa|doble|dues barres|pausa|posar en pausa|vertical
癸|aturada|aturar|bot贸 daturada|quadrat
猴|bot贸 denregistrar|cercle|enregistrar
锔|bot贸 dexpulsar|expulsar
|cmera|cinema|film|pel路l铆cula
|abaixar|atenuar|bot贸 datenuar la brillantor|brillantor
|apujar|augmentar|bot贸 daugmentar la brillantor|brillantor|clar|llum
|barres de cobertura|cobertura|comunicaci贸|m貌bil|senyal|tel猫fon
|banda ampla|connectivitat|internet|ordinador|sense fil|tel猫fon intel路ligent|wi-fi|xarxa
|comunicaci贸|m貌bil|mode de vibraci贸|tel猫fon|vibraci贸
|apagat|desactivat|desconnectat|m貌bil|tel猫fon
э|s铆mbol transg猫nere|transg猫nere
|茅s igual a|igualtat|matemtiques|resposta|signe digual gruixut
撅|il路limitat|infinit|per sempre|universal
硷|!!|doble exclamaci贸|exclamaci贸|puntuaci贸|signe dexclamaci贸 doble
|banc|canvi de divisa|diners|divisa|moneda
|bili贸|crrec|cobrar|diners|divisa|d貌lar|efectiu|gran|mil milions|miliard|mili贸|moneda|pagar|signe de d貌lar gran
伙|reciclar|reciclatge|s铆mbol de reciclatge
锔|cavallers|flor de lis|lis
|ncora|eina|emblema|marca de trident|posid贸|trident|vaixell
|etiqueta identificadora|identificaci贸|nom
|eina|full|gal贸|groc|japon猫s|principiant|s铆mbol japon猫s de principiant|verd
猸|cercle buit vermell|cercle gran gruixut|gran|o|vermell
||cancel路lar|creu|marca de creu|multiplicaci贸|multiplicar|x
||bot贸 de creu|marca|multiplicaci贸|multiplicar|quadrat|x
|bucle|lla莽 arrissat
|bucle|doble|enrotllat|lla莽
斤|alternan莽a|marca dalternan莽a de la part|part|signe dalternan莽a
|abcd|bot贸 de lletres llatines en maj煤scules|llatines|lletres|maj煤scules
|abcd|bot贸 de lletres llatines en min煤scules|entrada|llatines|lletres|min煤scules
|1234|bot贸 de n煤meros|d铆gits|entrada|n煤meros per introduir|xifres
|&%|bot贸 de s铆mbols|entrada|s铆mbols per introduir
|abc|alfabet|bot贸 de lletres llatines|entrada|lletres llatines
帮|a|bot贸 a (grup sanguini)|grup sanguini
|ab|bot贸 ab (grup sanguini)|grup sanguini
憋|bot贸 b (grup sanguini)|grup sanguini
|bot贸 cl|bot贸 esborrar|cl|esborrar|quadre
|bot贸 cool|cool|paraula|quadre
|bot贸 free|free|paraula|quadre
|bot贸 id|identificaci贸|identitat|s铆mbol didentificaci贸
锔|cercle|lletra m en cercle|m encerclada
|bot贸 new|new|nou|paraula|quadre
|bot贸 ng|ng|paraula|quadre
撅|bot贸 o (grup sanguini)|grup sanguini|o
|bot贸 ok|dacord|ok|paraula
匡|aparcament|bot贸 p|lletra p|prquing
|ajuda|auxili|bot贸 sos|emerg猫ncia|socors|sos
|bot贸 amb la paraula up!|paraula|up!
|bot贸 vs|contra|versus|vs.
|bot贸 "aqu铆" en japon猫s|bot贸 japon猫s "aqu铆"|japon猫s|katakana|koko|quadre
锔|bot贸 "crrec per servei" en japon猫s|bot贸 japon猫s "crrec per servei"|japon猫s|katakana|quadre|sa
凤|"quantitat mensual"|bot贸 "import mensual" en japon猫s|bot贸 japon猫s "import mensual"|ideograma|japon猫s|kanji
|"de pagament"|bot贸 japon猫s "de pagament"|ideograma|japon猫s|kanji
|"reservat"|bot贸 "reservat" en japon猫s|bot贸 japon猫s "reservat"|ideograma|japon猫s|kanji
|"ganga"|bot贸 "ganga" en japon猫s|bot贸 japon猫s "ganga"|ideograma|japon猫s|kanji
|bot贸 japon猫s "descompte"|ideograma|japon猫s|kanji|quadre
|"gratis"|bot贸 "gratis" en japon猫s|bot贸 japon猫s "gratis"|ideograma|japon猫s|kanji
|bot贸 "prohibit" en japon猫s|bot贸 japon猫s "prohibit"|ideograma|japon猫s|kanji|prohibici贸|prohibit
|acceptable|bot贸 "acceptable en japon猫s"|bot贸 japon猫s "acceptable"|ideograma|japon猫s|kanji
|aplicar|bot贸 japon猫s "aplicaci贸"|ideograma|japon猫s|kanji
|"qualificaci贸 daprovat"|bot贸 "qualificaci贸 daprovat" en japon猫s|bot贸 japon猫s "qualificaci贸 daprovat"|ideograma|japon猫s|kanji
|bot贸 "pla莽a lliure" en japon猫s|bot贸 japon猫s "pla莽a lliure"|buit|ideograma|japon猫s|kanji|pla莽a lliure
|bot贸 "negoci obert" en japon猫s|bot贸 japon猫s "negoci obert"|ideograma|japon猫s|kanji|obert
|bot贸 "cap pla莽a lliure" en japon猫s|bot贸 japon猫s "cap pla莽a lliure"|cap pla莽a lliure|ideograma|japon猫s|kanji|ple
|cercle|circumfer猫ncia vermella|geometria|vermell
|cercle|circumfer猫ncia|geometria|taronja
|cercle|circumfer猫ncia groga|geometria|groc
|cercle|circumfer猫ncia verda|geometria|verd
|blau|cercle|circumfer猫ncia blava|geometria
|cercle|circumfer猫ncia morada|geometria|morat
|cercle|circumfer猫ncia|geometria|marr贸
|cercle|circumfer猫ncia negra|geometria|negre
|blanc|cercle|circumfer猫ncia blanca|geometria
|quadrat|roig|targeta vermella|vermell
|quadrat|taronja
|groc|quadrat|targeta groga
|quadrat|verd
|blau|quadrat
|lila|morat|quadrat|violeta
|marr贸|quadrat
猬|geometria|gran|negre|quadrat
猬|blanc|geometria|gran|quadrat
硷|geometria|mitj|negre|quadrat
伙|blanc|geometria|mitj|quadrat
|geometria|negre|petit-mitj|quadrat
|blanc|geometria|petit-mitj|quadrat
锔|geometria|negre|petit|quadrat
锔|blanc|geometria|petit|quadrat
|geometria|gran|rombe|taronja
|blau|geometria|gran|rombe
|geometria|petit|rombe|taronja
|blau|geometria|petit|rombe
|amunt|geometria|triangle vermell cap amunt|vermell cap amunt
|avall|geometria|triangle vermell cap avall|vermell
|flor|geometria|interior|p猫tals|rombe amb punt
|bot贸 dopci贸|geometria|opci贸
|blanc|bot贸 de quadrat blanc|geometria|perfilat|quadrat
|bot贸 de quadrat negre|geometria|negre|quadrat
|automobilisme|bandera de quadres|banderes|cursa|curses de cotxes|de quadres|esport|joc|meta|motor|nascar|vict貌ria
|bandera triangular|bander铆|construcci贸|golf|pal
|banderes creuades|celebraci贸|jap贸|japoneses
|bandera negra|oneig|onejant
筹|bandera blanca|oneig
筹|arc de sant mart铆|bandera de larc de sant mart铆|bisexual|gai|g猫nere no binari|lesbiana|lgbtqia|orgull|queer|transg猫nere
筹э|bandera|blanc|blau cel|rosa|transg猫nere
粹锔|bandera pirata|bot铆|jolly roger|pirata|tresor
|andorra
|emirats rabs units
|afganistan
|antigua i barbuda
|anguilla
|albnia
|arm猫nia
|angola
|antrtida
|argentina
|samoa americana
|ustria
|austrlia
|aruba
|illes 氓land
|azerbaidjan
ю|b貌snia i hercegovina
ю|barbados
ю|bangladesh
ю|b猫lgica
ю|burkina faso
ю|bulgria
ю|bahrain
ю|burundi
ю|ben铆n
ю|saint-barth茅lemy
ю|bermudes
ю|brunei
ю|bol铆via
ю|carib neerland猫s
ю|brasil
ю|bahames
ю|bhutan
ю|botswana
ю|belar煤s
ю|belize
|canad
|illes cocos (keeling)
|congo - kinshasa
|rep煤blica centreafricana
|congo - brazzaville
|su茂ssa
|c么te divoire
|illes cook
|xile
|camerun
|xina
|col貌mbia
|costa rica
|cuba
|cap verd
|cura莽ao
|illa christmas
|xipre
|tx猫quia
|alemanya
|djibouti
|dinamarca
|dominica
|rep煤blica dominicana
|alg猫ria
|equador
|est貌nia
|egipte
|shara occidental
|eritrea
|espanya
|eti貌pia
|uni贸 europea
|finlndia
|fiji
|illes falkland
|micron猫sia
|illes f猫roe
|fran莽a
|gabon
|regne unit
|grenada
|ge貌rgia
|guaiana francesa
|guernsey
|ghana
|gibraltar
|groenlndia
|gmbia
|guinea
|guadalupe
|guinea equatorial
|gr猫cia
|illes ge貌rgia del sud i sandwich del sud
|guatemala
|guam
|guinea bissau
|guyana
|hong kong (rae xina)
|hondures
|crocia
|hait铆
|hongria
|illes canries
|indon猫sia
|irlanda
|israel
|illa de man
|铆ndia
|territori britnic de loce 铆ndic
|iraq
|iran
|islndia
|itlia
|jersey
|jamaica
|jordnia
|jap贸
梆|kenya
梆|kirguizstan
梆|cambodja
梆|kiribati
梆|comores
梆|saint kitts i nevis
梆|corea del nord
梆|corea del sud
梆|kuwait
梆|illes caiman
梆|kazakhstan
别|lao
别|l铆ban
别|saint lucia
别|liechtenstein
别|sri lanka
别|lib猫ria
别|lesotho
别|litunia
别|luxemburg
别|let貌nia
别|l铆bia
拆|marroc
拆|m貌naco
拆|moldvia
拆|montenegro
拆|madagascar
拆|illes marshall
拆|maced貌nia del nord
拆|mali
拆|myanmar (birmnia)
拆|mong貌lia
拆|macau (rae xina)
拆|illes marianes del nord
拆|martinica
拆|mauritnia
拆|montserrat
拆|malta
拆|maurici
拆|maldives
拆|malawi
拆|m猫xic
拆|malisia
拆|mo莽ambic
仇|nam铆bia
仇|nova caled貌nia
仇|n铆ger
仇|illa norfolk
仇|nig猫ria
仇|nicaragua
仇|pa茂sos baixos
仇|noruega
仇|nepal
仇|nauru
仇|niue
仇|nova zelanda
答|oman
叼|panam
叼|per煤
叼|polin猫sia francesa
叼|papua nova guinea
叼|filipines
叼|pakistan
叼|pol貌nia
叼|saint-pierre-et-miquelon
叼|illes pitcairn
叼|puerto rico
叼|territoris palestins
叼|portugal
叼|palau
叼|paraguai
娥|qatar
佛|illa de la reuni贸
佛|romania
佛|s猫rbia
佛|r煤ssia
佛|ruanda
葛|arbia saud铆
葛|illes salom贸
葛|seychelles
葛|sudan
葛|su猫cia
葛|singapur
葛|santa helena
葛|eslov猫nia
葛|eslovquia
葛|sierra leone
葛|san marino
葛|senegal
葛|somlia
葛|surinam
葛|sudan del sud
葛|s茫o tom茅 i pr铆ncipe
葛|el salvador
葛|sint maarten
葛|s铆ria
葛|eswatini
桂|illes turks i caicos
桂|txad
桂|terres australs antrtiques franceses
桂|togo
桂|tailndia
桂|tadjikistan
桂|tokelau
桂|timor-leste
桂|turkmenistan
桂|tun铆sia
桂|tonga
桂|turquia
桂|trinidad i tobago
桂|tuvalu
桂|taiwan
桂|tanznia
吼|ucra茂na
吼|uganda
吼|estats units
吼|uruguai
吼|uzbekistan
火|ciutat del vatic
火|saint vincent i les grenadines
火|vene莽uela
火|illes verges britniques
火|illes verges dels estats units
火|vietnam
火|vanuatu
拣|wallis i futuna
拣|samoa
金|kosovo
攫|iemen
攫|mayotte
筐|sud-frica
筐|zmbia
筐|zimbbue
大Ⅲン|anglaterra
大Ⅲ丑ｓ大|esc貌cia
大Ⅲ敷丑|gal路les